Name,Symbol
01 Communique Laboratory Inc.,ONE.V
1844 Resources Inc.,EFF.V
1911 Gold Corporation,AUMB.V
1933 Industries Inc.,TGIF.CN
1CM Inc.,EPIC.CN
49 North Resources Inc.,FNR.V
4Front Ventures Corp.,FFNT.CN
55 North Mining Inc.,FFF.CN
5N Plus Inc.,VNP.TO
79North Inc.,JQ.CN
A&W Revenue Royalties Income Fund,AW-UN.TO
A.I.S. Resources Limited,AIS.V
A2Z Smart Technologies Corp.,AZ.V
Aardvark 2 Capital Corp.,ACCB-P.V
Abacus Mining & Exploration Corporation,AME.V
Abasca Resources Inc.,ABA.V
Abaxx Technologies Inc.,ABXX.NE
AbbVie Inc.,ABBV.NE
ABC Technologies Holdings Inc.,ABCT.TO
Abcourt Mines Inc.,ABI.V
Aben Minerals Ltd.,ABM.V
Aberdeen International Inc.,AAB.TO
AbraSilver Resource Corp.,ABRA.V
abrdn Asia-Pacific Income Fund VCC,FAP.TO
Acadian Timber Corp.,ADN.TO
Acceleware Ltd.,AXE.V
Accord Financial Corp.,ACD.TO
Ackroo Inc.,AKR.V
Aclara Resources Inc.,ARA.TO
ACME Lithium Inc.,ACME.CN
AcreageHoldInc,ACRG-AU.CN
AcreageHoldings,ACRG-BU.CN
Adamera Minerals Corp.,ADZ.V
Adastra Holdings Ltd.,XTRX.CN
Adcore Inc.,ADCO.TO
ADENTRA Inc.,ADEN.TO
Adex Mining Inc.,ADE.V
ADF Group Inc.,DRX.TO
AdRabbit Limited,RABI.V
Aduro Clean Technologies Inc.,ACT.CN
Advance Lithium Corp.,AALI.V
Advance United Holdings Inc.,AUHI.CN
"Advanced Micro Devices, Inc.",AMD.NE
Advanced Proteome Therapeutics Corporation,APC-H.V
Advantage Energy Ltd.,AAV.TO
Advent-AWI Holdings Inc.,AWI.V
Adventus Mining Corporation,ADZN.V
Adya Inc.,ADYA.V
Adyton Resources Corporation,ADY.V
Aecon Group Inc.,ARE.TO
Aegis Brands Inc.,AEG.TO
Aequus Pharmaceuticals Inc.,AQS.V
Aeterna Zentaris Inc.,AEZS.TO
"Aether Catalyst Solutions, Inc.",ATHR.CN
AF2 Capital Corp.,AF-P.V
Affinity Metals Corp.,AFF.CN
AFR NuVenture Resources Inc.,AFR.V
Africa Energy Corp.,AFE.V
Africa Oil Corp.,AOI.TO
African Energy Metals Inc.,CUCO.V
Aftermath Silver Ltd.,AAG.V
Ag Growth International Inc.,AFN.TO
AGF Management Limited,AGF-B.TO
Agnico Eagle Mines Limited,AEM.TO
Agra Ventures Ltd.,AGRA.CN
Agrinam Acquisition Corporation,AGRI-U.TO
AI Artificial Intelligence Ventures Inc.,AIVC.V
AI/ML Innovations Inc.,AIML.CN
AIM5 Ventures Inc.,AIME-P.V
Aimia Inc.,AIM.TO
Aion Therapeutic Inc.,AION.CN
Air Canada,AC.TO
AirBoss of America Corp.,BOS.TO
AirIQ Inc.,IQ.V
AJN Resources Inc.,AJN.CN
AKITA Drilling Ltd.,AKT-A.TO
Akumin Inc.,AKU.TO
Alamos Gold Inc.,AGI.TO
Alaris Equity Partners Income Trust,AD-UN.TO
Alaska Energy Metals Corporation,AEMC.V
Alaska Hydro Corporation,AKH-H.V
Albert Labs International Corp.,ABRT.CN
Alchemist Mining Inc.,AMS.CN
ALDD Ventures Corp.,ALDD-P.V
Aldebaran Resources Inc.,ALDE.V
Alerio Gold Corp.,ALE.CN
Algernon Pharmaceuticals Inc.,AGN.CN
Algoma Central Corporation,ALC.TO
Algoma Steel Group Inc.,ASTL.TO
Algonquin Power & Utilities Corp.,AQN.TO
Alianza Minerals Ltd.,ANZ.V
Alimentation Couche-Tard Inc.,ATD.TO
Alithya Group Inc.,ALYA.TO
Allegiant Gold Ltd.,AUAU.V
Allied Properties Real Estate Investment Trust,AP-UN.TO
Allkem Limited,AKE.TO
Alma Gold Inc.,ALMA.CN
Almaden Minerals Ltd.,AMM.TO
Almonty Industries Inc.,AII.TO
Aloro Mining Corp.,AORO.V
Alpha Cognition Inc.,ACOG.CN
Alpha Copper Corp.,ALCU.CN
Alpha Exploration Ltd.,ALEX.V
Alpha Lithium Corporation,ALLI.NE
Alphabet Inc.,GOOG.NE
AlphaGen Intelligence Corp.,AIC.CN
Alphamin Resources Corp.,AFM.V
Alphinat Inc.,NPA.V
Alset Capital Inc.,KSUM-H.V
Alta Copper Corp.,ATCU.TO
AltaGas Ltd.,ALA.TO
Altai Resources Inc.,ATI.V
Altair Resources Inc.,AVX.V
Altamira Gold Corp.,ALTA.V
Altan Nevada Minerals Limited,ANE.V
Altima Resources Ltd.,ARH.V
Altiplano Metals Inc.,APN.V
Altius Minerals Corporation,ALS.TO
Altius Renewable Royalties Corp.,ARR.TO
Altus Group Limited,AIF.TO
Aluula Composites Inc.,AUUA.V
Alvopetro Energy Ltd.,ALV.V
ALX Resources Corp.,AL.V
Amarc Resources Ltd.,AHR.V
Amaroq Minerals Ltd.,AMRQ.V
"Amazon.com, Inc.",AMZN.NE
Ambari Brands Inc.,AMB.CN
Amcomri Entertainment Inc.,AMEN.NE
American Aires Inc.,WIFI.CN
American Copper Development Corporation,ACDX.CN
American Creek Resources Ltd.,AMK.V
American Eagle Gold Corp.,AE.V
American Future Fuel Corporation,AMPS.CN
American Hotel Income Properties REIT LP,HOT-U.TO
American Lithium Corp.,LI.V
American Pacific Mining Corp.,USGD.CN
American Potash Corp.,KCL.CN
Americas Gold and Silver Corporation,USA.TO
Amerigo Resources Ltd.,ARG.TO
Ameriwest Lithium Inc.,AWLI.CN
Amex Exploration Inc.,AMX.V
AmmPower Corp.,AMMP.CN
AMPD Ventures Inc.,AMPD.CN
Amseco Exploration Ltd.,AEL-H.V
Anaergia Inc.,ANRG.TO
AnalytixInsight Inc.,ALY.V
Andean Precious Metals Corp.,APM.V
Andlauer Healthcare Group Inc.,AND.TO
Andrew Peller Limited,ADW-A.TO
Anfield Energy Inc.,AEC.V
Angel Wing Metals Inc.,AWM.V
Angkor Resources Corp.,ANK.V
Angold Resources Ltd.,AAU.V
Angus Gold Inc.,GUS.V
Anonymous Intelligence Company Inc.,ANON.CN
Antibe Therapeutics Inc.,ATE.TO
Antioquia Gold Inc.,AGD.V
Antler Gold Inc.,ANTL.V
ApartmentLove Inc.,APLV.CN
Apex Resources Inc.,APX.V
Apollo Silver Corp.,APGO.V
Appia Rare Earths & Uranium Corp.,API.CN
Appili Therapeutics Inc.,APLI.TO
Apple Inc.,AAPL.NE
Appulse Corporation,APL.V
Aptose Biosciences Inc.,APS.TO
Aquarius Surgical Technologies Inc.,ASTI.CN
Aranjin Resources Ltd.,ARJN.V
Arbor Metals Corp.,ABR.V
ARC Resources Ltd.,ARX.TO
Arch Biopartners Inc.,ARCH.V
Archer Exploration Corp.,RCHR.CN
ARCpoint Inc.,ARC.V
Arctic Fox Lithium Corp.,AFX.CN
Arctic Star Exploration Corp.,ADD.V
Arcus Development Group Inc.,ADG-H.V
ArcWest Exploration Inc.,AWX.V
Ares Strategic Mining Inc.,ARS.CN
Aretto Wellness Inc.,ARTO.CN
Argentina Lithium & Energy Corp.,LIT.V
Argo Gold Inc.,ARQ.CN
Argo Living Soils Corp.,ARGO.CN
Argonaut Gold Inc.,AR.TO
ARHT Media Inc.,ART.V
Arianne Phosphate Inc.,DAN.V
Aris Mining Corporation,ARIS.TO
Aritzia Inc.,ATZ.TO
Arizona Metals Corp.,AMC.TO
Arizona Silver Exploration Inc.,AZS.V
Arizona Sonoran Copper Company Inc.,ASCU.TO
Armor Minerals Inc.,A-H.V
Arras Minerals Corp.,ARK.V
Arrow Exploration Corp.,AXL.V
Artemis Gold Inc.,ARTG.V
Artis Real Estate Investment Trust,AX-PI.TO
Arway Corporation,ARWY.CN
Asante Gold Corporation,ASE.CN
"Ascend Wellness Holdings, Inc.",AAWH-U.CN
Ascendant Resources Inc.,ASND.TO
Ascot Resources Ltd.,AOT.TO
ASEP Medical Holdings Inc.,ASEP.CN
Ashley Gold Corp.,ASHL.CN
AsiaBaseMetals Inc.,ABZ.V
Asian Television Network International Limited,SAT.V
Aston Bay Holdings Ltd.,BAY.V
Astra Exploration Inc.,ASTR.V
Atacama Copper Corporation,ACOP.V
ATCO Ltd.,ACO-Y.TO
Atco Mining Inc.,ATCM.CN
ATEX Resources Inc.,ATX.V
Atha Energy Corp.,SASK.CN
Athabasca Oil Corporation,ATH.TO
ATI Airtest Technologies Inc.,AAT.V
Atico Mining Corporation,ATY.V
Atlas Engineered Products Ltd.,AEP.V
Atlas Global Brands Inc.,ATL.CN
Atlas Salt Inc.,SALT.V
Atmofizer Technologies Inc.,ATMO.CN
Atomic Minerals Corporation,ATOM.V
Aton Resources Inc.,AAN.V
Atrium Mortgage Investment Corporation,AI.TO
ATS Corporation,ATS.TO
ATW Tech Inc.,ATW.V
Au Gold Corp.,AUGC.V
Augusta Gold Corp.,G.TO
Aura Minerals Inc.,ORA.TO
Aurania Resources Ltd.,ARU.V
Aurion Resources Ltd.,AU.V
Aurora Cannabis Inc.,ACB.TO
Aurora Royalties Inc.,AUR-H.V
Aurora Solar Technologies Inc.,ACU.V
Aurora Spine Corporation,ASG.V
Aurwest Resources Corporation,AWR.CN
Austral Gold Limited,AGLD.V
Australian REIT Income Fund,HRR-UN.TO
AutoCanada Inc.,ACQ.TO
Automotive Finco Corp.,AFCC-H.V
Automotive Properties Real Estate Investment Trust,APR-UN.TO
Auxico Resources Canada Inc.,AUAG.CN
Auxly Cannabis Group Inc.,XLY.TO
Avalon Advanced Materials Inc.,AVL.TO
Avant Brands Inc.,AVNT.TO
Avante Corp.,XX.V
Avante Mining Corp.,AVA.V
Avanti Gold Corp.,AGC.CN
Avanti Helium Corp.,AVN.V
Avaron Mining Corp.,AVR.V
Avarone Metals Inc.,AVM-X.CN
Avicanna Inc.,AVCN.TO
Avidian Gold Corp.,AVG.V
Avila Energy Corporation,VIK.CN
Avino Silver & Gold Mines Ltd.,ASM.TO
Avivagen Inc.,VIV.V
Avricore Health Inc.,AVCR.V
Avrupa Minerals Ltd.,AVU.V
Awakn Life Sciences Corp.,AWKN.NE
Awalé Resources Limited,ARIC.V
Axiom Capital Advisors Inc.,ACA.CN
Axis Auto Finance Inc.,AXIS.TO
AXMIN Inc.,AXM.V
Aya Gold & Silver Inc.,AYA.TO
Ayr Wellness Inc.,AYR-A.CN
Ayurcann Holdings Corp.,AYUR.CN
Azarga Metals Corp.,AZR.V
Azimut Exploration Inc.,AZM.V
Azincourt Energy Corp.,AAZ.V
Aztec Minerals Corp.,AZT.V
Azucar Minerals Ltd.,AMZ.V
"B.E.S.T. Venture Opportunities Fund, Inc.",BVOF-A.CN
B2Gold Corp.,BTO.TO
Backstageplay Inc.,BP.V
BacTech Environmental Corporation,BAC.CN
Badger Capital Corp.,YVR-P.V
Badger Infrastructure Solutions Ltd.,BDGI.TO
Ballard Power Systems Inc.,BLDP.TO
Bank of America Corporation,BOFA.NE
Bank of Montreal,BMO.TO
Banxa Holdings Inc.,BNXA.V
Banyan Gold Corp.,BYN.V
Barksdale Resources Corp.,BRO.V
Baroyeca Gold & Silver Inc.,BGS.V
Barrick Gold Corporation,ABX.TO
Barsele Minerals Corp.,BME.V
Baru Gold Corporation,BARU.V
Base Carbon Inc.,BCBN.NE
Baselode Energy Corp.,FIND.V
Basin Uranium Corp.,NCLR.CN
Batero Gold Corp.,BAT.V
Bathurst Metals Corp.,BMV.V
Battery Mineral Resources Corp.,BMR.V
Battery X Metals Inc.,BATX.CN
Bausch + Lomb Corporation,BLCO.TO
Bausch Health Companies Inc.,BHC.TO
Bayhorse Silver Inc.,BHS.V
Baylin Technologies Inc.,BYL.TO
Baymount Incorporated,BYM-H.V
Baytex Energy Corp.,BTE.TO
BBTV Holdings Inc.,BBTV.TO
BCE Inc.,BCE.TO
BCM Resources Corporation,B.V
Beacn Wizardry and Magic Inc.,BECN.V
Bear Creek Mining Corporation,BCM.V
Beauce Gold Fields Inc.,BGF.V
Bedford Metals Corp.,BFM.V
Bee Vectoring Technologies International Inc.,BEE.CN
Belgravia Hartford Capital Inc.,BLGV.CN
Bell Copper Corporation,BCU.V
Belmont Resources Inc.,BEA.V
Belo Sun Mining Corp,BSX.TO
BeMetals Corp.,BMET.V
Benchmark Metals Inc.,BNCH.V
Bengal Energy Ltd.,BNG.TO
Benjamin Hill Mining Corp.,BNN.CN
Benton Resources Inc.,BEX.V
Benz Mining Corp.,BZ.V
Berkshire Hathaway Inc.,BRK.NE
Bessor Minerals Inc.,BST-H.V
Better Plant Sciences Inc.,PLNT-X.CN
BetterLife Pharma Inc.,BETR.CN
Bettermoo(d) Food Corporation,MOOO.CN
BeWhere Holdings Inc.,BEW.V
Beyond Lithium Inc.,BY.CN
Beyond Medical Technologies Inc.,DOCT.CN
Beyond Oil Ltd.,BOIL.CN
Big Banc Split Corp.,BNK.TO
Big Gold Inc.,BG.CN
Big Pharma Split Corp.,PRM.TO
Big Red Mining Corp.,RED.CN
Big Ridge Gold Corp.,BRAU.V
Big Rock Brewery Inc.,BR.TO
Big Tree Carbon Inc.,BIGT.V
BIGG Digital Assets Inc.,BIGG.CN
Bioasis Technologies Inc.,BTI.V
Biocure Technology Inc.,CURE.CN
BioHarvest Sciences Inc.,BHSC.CN
Biomark Diagnostics Inc.,BUX.CN
Biome Grow Inc.,BIO.CN
BioNeutra Global Corporation,BGA.V
BioNxt Solutions Inc.,BNXT.CN
BioRem Inc.,BRM.V
Biosenta Inc.,ZRO.CN
BioSyent Inc.,RX.V
BioVaxys Technology Corp.,BIOV.CN
BIP Investment Corporation,BIK-PA.TO
Birchcliff Energy Ltd.,BIR.TO
Birchtree Investments Ltd.,BRCH.CN
Bird Construction Inc.,BDT.TO
Bird River Resources Inc.,BDR.CN
Bitcoin Well Inc.,BTCW.V
Bitfarms Ltd.,BITF.TO
Bitterroot Resources Ltd.,BTT.V
Black Diamond Group Limited,BDI.TO
Black Iron Inc.,BKI.TO
Black Mammoth Metals Corporation,BMM.V
Black Swan Graphene Inc.,SWAN.V
BlackBerry Limited,BB.TO
Blackhawk Growth Corp.,BLR.CN
Blackline Safety Corp.,BLN.TO
Blackrock Silver Corp.,BRC.V
Blackwolf Copper and Gold Ltd.,BWCG.V
Blende Silver Corp.,BAG.V
Blender Bites Limited,BITE.CN
Blockchain Venture Capital Inc.,BVCI.CN
BlockchainK2 Corp.,BITK.V
Blockmate Ventures Inc.,MATE.V
Blockmint Technologies Inc.,BKMT.V
Blue Lagoon Resources Inc.,BLLG.CN
Blue Moon Metals Inc.,MOON.V
Blue Ribbon Income Fund,RBN-UN.TO
Blue Sky Global Energy Corp.,BGE.V
Blue Sky Uranium Corp.,BSK.V
Blue Star Gold Corp.,BAU.V
Blueberries Medical Corp.,BBM.CN
BlueRush Inc.,BTV.V
Bluesky Digital Assets Corp.,BTC.CN
Bluestone Resources Inc.,BSR.V
BluMetric Environmental Inc.,BLM.V
BMEX Gold Inc.,BMEX.V
BMTC Group Inc.,GBT.TO
Bnsellit Technology Inc.,BNSL.CN
Boardwalk Real Estate Investment Trust,BEI-UN.TO
Boardwalktech Software Corp.,BWLK.V
Boat Rocker Media Inc.,BRMI.TO
Bocana Resources Corp.,BOCA.V
Body and Mind Inc.,BAMM.CN
Bold Ventures Inc.,BOL.V
Bolt Metals Corp.,BOLT.CN
Bombardier Inc.,BBD-B.TO
Bond Resources Inc.,BJB.CN
Bonterra Energy Corp.,BNE.TO
Bonterra Resources Inc.,BTR.V
Boosh Plant-Based Brands Inc.,VEGI.CN
Boralex Inc.,BLX.TO
Boron One Holdings Inc.,BONE.V
Boston Pizza Royalties Income Fund,BPF-UN.TO
Boyd Group Services Inc.,BYD.TO
BQE Water Inc.,BQE.V
Bradda Head Lithium Limited,BHLI.V
Bragg Gaming Group Inc.,BRAG.TO
Braille Energy Systems Inc.,BES.V
Brascan Resources Inc.,BRAS.CN
Bravada Gold Corporation,BVA.V
Bravo Mining Corp.,BRVO.V
Braxia Scientific Corp.,BRAX.CN
BriaCell Therapeutics Corp.,BCT.TO
Bri-Chem Corp.,BRY.TO
Bridgemarq Real Estate Services Inc.,BRE.TO
Brigadier Gold Limited,BRG.V
Bright Minds Biosciences Inc.,DRUG.CN
Britannia Life Sciences Inc.,BLAB.CN
Brixton Metals Corporation,BBB.V
Brompton Lifeco Split Corp,LCS-PA.TO
Brompton Lifeco Split Corp.,LCS.TO
Brompton Oil Split Corp.,OSP.TO
Brompton Split Banc Corp.,SBC.TO
Brookfield Asset Management Ltd.,BAM.TO
Brookfield Business Corporation,BBUC.TO
Brookfield Business Partners L.P.,BBU-UN.TO
Brookfield Corp,BN-PK.TO
Brookfield Corporation,BN.TO
BROOKFIELD CORPORATION PREF SER,BN-PFF.TO
Brookfield Global Infrastructure Securities Income Fund,BGI-UN.TO
Brookfield Infrastructure Corporation,BIPC.TO
Brookfield Infrastructure Partners L.P.,BIP-UN.TO
Brookfield Investments Corporation,BRN-PA.V
Brookfield Office Properties Inc,BPO-PE.TO
Brookfield Property Preferred LP,BPYP-PA.TO
Brookfield Reinsurance Ltd.,BNRE.TO
Brookfield Renewable Corporation,BEPC.TO
Brookfield Renewable Partners L.P.,BEP-UN.TO
Brookfield Renewable Power Preferred Equity Inc,BRF-PE.TO
BRP Inc.,DOO.TO
Brunswick Exploration Inc.,BRW.V
BSR Real Estate Investment Trust,HOM-U.TO
BTB Real Estate Investment Trust,BTB-UN.TO
BTQ Technologies Corp.,BTQ.NE
BTU Metals Corp.,BTU.V
Buhler Industries Inc.,BUI.TO
BuildDirect.com Technologies Inc.,BILD.V
Builders Capital Mortgage Corp.,BCF.V
BULGOLD Inc.,ZLTO.V
Bullion Gold Resources Corp.,BGD.V
Bunker Hill Mining Corp.,BNKR.CN
Burcon NutraScience Corporation,BU.TO
Burin Gold Corp.,BURG.V
Buscando Resources Corp,BRCO.CN
Butte Energy Inc.,BEN-H.V
Buzz Capital Inc.,BUZ-P.V
BWR Exploration Inc.,BWR.V
BYND Cannasoft Enterprises Inc.,BYND.CN
BZAM Ltd.,BZAM.CN
C21 Investments Inc.,CXXI.CN
C2C Gold Corp.,CTOC.CN
C3 Metals Inc.,CCCM.V
Cabral Gold Inc.,CBR.V
CAE Inc.,CAE.TO
Calfrac Well Services Ltd.,CFW.TO
Calian Group Ltd.,CGY.TO
Calibre Mining Corp.,CXB.TO
California Nanotechnologies Corp.,CNO.V
Callinex Mines Inc.,CNX.V
Cameco Corporation,CCO.TO
Camino Minerals Corporation,COR.V
Canaccord Genuity Group Inc.,CF.TO
Canacol Energy Ltd,CNE.TO
Canada Carbon Inc.,CCB.V
Canada Goose Holdings Inc.,GOOS.TO
Canada Jetlines Operations Ltd,CJET.NE
Canada Nickel Company Inc.,CNC.V
Canada One Mining Corp.,CONE.V
Canada Rare Earth Corp.,LL.V
Canada Silver Cobalt Works Inc.,CCW.V
CanadaBis Capital Inc.,CANB.V
Canadian Apartment Properties Real Estate Investment Trust,CAR-UN.TO
Canadian Banc Corp.,BK.TO
Canadian Copper Inc.,CCI.CN
Canadian Critical Minerals Inc.,CCMI.V
"Canadian General Investments, Limited",CGI.TO
Canadian Gold Corp.,CGC.V
Canadian High Income Equity Fund,CIQ-UN.TO
Canadian Imperial Bank of Commerce,CM.TO
Canadian Life Companies Split Corp.,LFE.TO
Canadian Manganese Company Inc.,CDMN.NE
Canadian Metals Inc.,CME.CN
Canadian National Railway Company,CNR.TO
Canadian Natural Resources Limited,CNQ.TO
Canadian Net Real Estate Investment Trust,NET-UN.V
Canadian Nexus Team Ventures Corp.,TEAM.CN
Canadian North Resources Inc.,CNRI.V
Canadian Overseas Petroleum Limited,XOP.CN
Canadian Pacific Kansas City Limited,CP.TO
Canadian Palladium Resources Inc.,BULL.CN
Canadian Premium Sand Inc.,CPS.V
Canadian Silver Hunter Inc.,AGH-H.V
"Canadian Tire Corporation, Limited",CTC.TO
Canadian Utilities Limited,CU.TO
Canadian Utilities Ltd,CU-PG.TO
Canadian Western Bank,CWB.TO
Canaf Investments Inc.,CAF.V
Canagold Resources Ltd.,CCM.TO
CanAlaska Uranium Ltd.,CVV.V
CanAsia Energy Corp.,CEC.V
Canasil Resources Inc.,CLZ.V
Candelaria Mining Corp.,CAND.V
CANEX Metals Inc.,CANX.V
Canfor Corporation,CFP.TO
Canfor Pulp Products Inc.,CFX.TO
Canlan Ice Sports Corp.,ICE.TO
Cannabix Technologies Inc.,BLO.CN
Cannara Biotech Inc.,LOVE.V
Canntab Therapeutics Limited,PILL.CN
Canoe EIT Income Fund,EIT-UN.TO
Canopy Growth Corporation,WEED.TO
Canso Credit Trust - Canso Credit Income Fund,PBY-UN.TO
Canso Select Opportunities Corporation,CSOC-B.V
Cansortium Inc.,TIUM-U.CN
Canstar Resources Inc.,ROX.V
Canterra Minerals Corporation,CTM.V
Cantex Mine Development Corp.,CD.V
Canuc Resources Corporation,CDA.V
Canxgold Mining Corp.,CXG.V
Canyon Creek Food Company Ltd.,CYF.V
Capella Minerals Limited,CMIL.V
Capital Power Corp,CPX-PE.TO
Capital Power Corporation,CPX.TO
Capitan Silver Corp.,CAPT.V
Capstone Copper Corp.,CS.TO
Capstone Infrastructure Corporation,CSE-PA.TO
Captiva Verde Wellness Corp.,PWR.CN
Captor Capital Corp.,CPTR.CN
Caravan Energy Corporation,CNRG.CN
Carbeeza Inc.,AUTO.V
Carbon Streaming Corporation,NETZ.NE
Carcetti Capital Corp.,CART-H.V
Cardinal Energy Ltd.,CJ.TO
Cardiol Therapeutics Inc.,CRDL.TO
Carebook Technologies Inc.,CRBK.V
CareRx Corporation,CRRX.TO
"CareSpan Health, Inc.",CSPN.V
Cargojet Inc.,CJT.TO
"Caribbean Utilities Company, Ltd.",CUP-U.TO
Carlin Gold Corporation,CGD.V
Carlyle Commodities Corp.,CCC.CN
Carolina Rush Corporation,RUSH.V
Carson River Ventures Corp.,CRIV.CN
Cartier Resources Inc.,ECR.V
Cartier Silver Corporation,CFE.CN
Casa Minerals Inc.,CASA.V
Cascada Silver Corp.,CSS.CN
Cascade Copper Corp.,CASC.CN
Cascadero Copper Corporation,CCD.V
Cascades Inc.,CAS.TO
Cascadia Blockchain Group Corp.,CK.CN
Cascadia Minerals Ltd.,CAM.V
Cassiar Gold Corp.,GLDC.V
CAT Strategic Metals Corporation,CAT.CN
Cathedra Bitcoin Inc.,CBIT.V
Cathedral Energy Services Ltd.,CET.TO
CBLT Inc.,CBLT.V
CCL Industries Inc.,CCL-B.TO
C-Com Satellite Systems Inc.,CMI.V
CDN Maverick Capital Corp.,CDN.CN
CE Brands Inc.,CEBI.V
Ceapro Inc.,CZO.V
Celestial Acquisition Corp.,CES-P.V
Celestica Inc.,CLS.TO
CEMATRIX Corporation,CVX.V
Cenovus Energy Inc.,CVE.TO
Centamin plc,CEE.TO
Centaurus Energy Inc.,CTA.V
Centerra Gold Inc.,CG.TO
CENTR Brands Corp.,CNTR.CN
Centurion Minerals Ltd.,CTN.V
Century Global Commodities Corporation,CNT.TO
Century Lithium Corp.,LCE.V
Ceres Global Ag Corp.,CRP.TO
Ceridian HCM Holding Inc.,CDAY.TO
Cerrado Gold Inc.,CERT.V
Cerro de Pasco Resources Inc.,CDPR.CN
CES Energy Solutions Corp.,CEU.TO
Ceylon Graphite Corp.,CYL.V
CGI Inc.,GIB-A.TO
CGX Energy Inc.,OYL.V
Chakana Copper Corp.,PERU.V
Champion Bear Resources Ltd.,CBA.V
Champion Electric Metals Inc.,LTHM.CN
Champion Gaming Group Inc.,WAGR.V
Champion Iron Limited,CIA.TO
CHAR Technologies Ltd.,YES.V
Charbone Hydrogen Corporation,CH.V
"Charlotte's Web Holdings, Inc.",CWEB.TO
Chartwell Retirement Residences,CSH-UN.TO
Chatham Rock Phosphate Limited,NZP.V
Chemistree Technology Inc.,CHM.CN
Chemtrade Logistics Income Fund,CHE-UN.TO
Chesapeake Gold Corp.,CKG.V
Chesswood Group Limited,CHW.TO
Chevron Corporation,CHEV.NE
Chibougamau Independent Mines Inc.,CBG.V
Chicane Capital I Corp.,CCIC-P.V
China Gold International Resources Corp. Ltd.,CGG.TO
ChitogenX Inc.,CHGX.CN
Choice Properties Real Estate Investment Trust,CHP-UN.TO
Chorus Aviation Inc.,CHR.TO
Christina Lake Cannabis Corp.,CLC.CN
Churchill Resources Inc.,CRI.V
CI Financial Corp.,CIX.TO
CI Global High Yield Credit Private Pool,CGHY.TO
Cielo Waste Solutions Corp,CMC-WT.V
Cielo Waste Solutions Corp.,CMC.V
Cinaport Acquisition Corp. III,CAC-P.V
Cineplex Inc.,CGX.TO
Cipher Pharmaceuticals Inc.,CPH.TO
Cisco Systems Inc,CSCO.NE
Ciscom Corp.,CISC.CN
Citadel Income Fund,CTF-UN.TO
Citigroup Inc.,CITI.NE
City View Green Holdings Inc.,CVGR.CN
Clairvest Group Inc.,CVG.TO
Clarity Metals Corp.,CMET.CN
Clarke Inc.,CKI.TO
Class 1 Nickel and Technologies Limited,NICO.CN
Clean Air Metals Inc.,AIR.V
Clean Seed Capital Group Ltd.,CSX.V
CleanGo Innovations Inc.,CGII.CN
Cleantek Industries Inc.,CTEK.V
Clear Blue Technologies International Inc.,CBLU.V
Clearmind Medicine Inc.,CMND.CN
Clip Money Inc.,CLIP.V
Cloud DX Inc.,CDX.V
CloudMD Software & Services Inc.,DOC.V
"CLS Holdings USA, Inc.",CLSH.CN
CMC Metals Ltd.,CMB.V
Cmp Mining Inc,CMP.CN
CMX Gold & Silver Corp.,CXC.CN
CNJ Capital Investments Inc.,CNJ-P.V
CO2 Gro Inc.,GROW.V
Coast Copper Corp.,COCO.V
Cobra Venture Corporation,CBV.V
Coca-Cola Co,COLA.NE
Coelacanth Energy Inc.,CEI.V
Cogeco Communications Inc.,CCA.TO
Cogeco Inc.,CGO.TO
Cognetivity Neurosciences Ltd.,CGN.CN
Coho Collective Kitchens Inc.,COHO.V
Colabor Group Inc.,GCL.TO
Colibri Resource Corporation,CBI.V
Collective Metals Inc.,COMT.CN
Collective Mining Ltd.,CNL.V
Colliers International Group Inc.,CIGI.TO
Colonial Coal International Corp.,CAD.V
Colossus Resources Corp.,CLUS.V
Coloured Ties Capital Inc.,TIE.V
Columbia Care Inc.,CCHW.NE
Comet Industries Ltd.,CMU.V
Comet Lithium Corporation,CLIC.V
Commander Resources Ltd.,CMD.V
Commerce Resources Corp.,CCE.V
Commerce Split Corp,YCM-PB.TO
Compass Gold Corporation,CVB.V
"Comprehensive Healthcare Systems, Inc.",CHS.V
Computer Modelling Group Ltd.,CMG.TO
Condor Energies Inc.,CDR.TO
Condor Gold Plc,COG.TO
Condor Resources Inc.,CN.V
Conifex Timber Inc.,CFF.TO
Conquest Resources Limited,CQR.V
Consolidated Lithium Metals Inc.,CLM.V
Consolidated Uranium Inc.,CUR.V
Constellation Software Inc.,CSU.TO
Contact Gold Corp.,C.V
Contagious Gaming Inc.,CNS.V
Converge Technology Solutions Corp.,CTS.TO
Co-operators General Insurance Co,CCS-PC.TO
CopAur Minerals Inc.,CPAU.V
Copper Fox Metals Inc.,CUU.V
Copper Lake Resources Ltd.,CPL.V
Copper Road Resources Inc.,CRD.V
CopperCorp Resources Inc.,CPER.V
Copperhead Resources Inc.,CUH.CN
Copperleaf Technologies Inc.,CPLF.TO
Corby Spirit and Wine Limited,CSW-B.TO
Corcel Exploration Inc.,CRCL.CN
Cordoba Minerals Corp.,CDB.V
CordovaCann Corp.,CDVA.CN
Core Assets Corp.,CC.CN
Core One Labs Inc.,COOL.CN
Cornish Metals Inc.,CUSN.V
Corsa Coal Corp.,CSO.V
Cortus Metals Inc.,CRTS.V
Corus Entertainment Inc.,CJR-B.TO
Cosa Resources Corp.,COSA.CN
Cosigo Resources Ltd.,CSG-H.V
Costco Wholesale Corporation,COST.NE
CoTec Holdings Corp.,CTH.V
Coveo Solutions Inc.,CVO.TO
Crescent Point Energy Corp.,CPG.TO
Crescita Therapeutics Inc.,CTX.TO
Cresco Labs Inc.,CL.CN
Crestview Exploration Inc.,CRS.CN
Crew Energy Inc.,CR.TO
Criterium Energy Ltd.,CEQ.V
Critical Elements Lithium Corporation,CRE.V
Critical Infrastructure Technologies Ltd.,CTTT.CN
Crombie Real Estate Investment Trust,CRR-UN.TO
Cronos Group Inc.,CRON.TO
Cross River Ventures Corp.,CRVC.CN
Crown Capital Partners Inc.,CRWN.TO
Cruz Battery Metals Corp.,CRUZ.CN
Cryptoblox Technologies Inc.,BLOX.CN
CryptoStar Corp.,CSTR.V
CT Real Estate Investment Trust,CRT-UN.TO
CU Inc,CIU-PA.TO
CubicFarm Systems Corp.,CUB.TO
Cullinan Metals Corp.,CMT.CN
Cult Food Science Corp.,CULT.CN
Cumberland Resources Nickel Corp.,LAND.CN
"Curaleaf Holdings, Inc.",CURA.CN
"Currency Exchange International, Corp.",CXI.TO
Current Water Technologies Inc.,WATR.V
Currie Rose Resources Inc.,CUI.V
CVS Health Corporation,CVS.NE
CVW CleanTech Inc.,CVW.V
CWC Energy Services Corp.,CWC.V
Cybeats Technologies Corp.,CYBT.CN
"CyberCatch Holdings, Inc.",CYBE.V
Cybin Inc.,CYBN.NE
Cymat Technologies Ltd.,CYM.V
Cymbria Corporation,CYB.TO
Cypherpunk Holdings Inc.,HODL.CN
Cypress Hills Resource Corp.,CHY.V
D2 Lithium Corp.,DTWO.V
D2L Inc.,DTOL.TO
Damara Gold Corp.,DMR.V
Danavation Technologies Corp.,DVN.CN
Darelle Online Solutions Inc.,DAR.V
Dark Star Minerals Inc.,BATT.CN
DATA Communications Management Corp.,DCM.TO
Datable Technology Corporation,DAC.V
Datametrex AI Limited,DM.V
Datum Ventures Inc.,DAT-H.V
Daura Capital Corp.,DUR-P.V
DAVIDsTEA Inc.,DTEA.V
D-BOX Technologies Inc.,DBO.TO
Decade Resources Ltd.,DEC.V
Decibel Cannabis Company Inc.,DB.V
Decisive Dividend Corp,DE-WT.V
Decisive Dividend Corporation,DE.V
Decklar Resources Inc.,DKL.V
DeepMarkit Corp.,MKT.V
Deeprock Minerals Inc.,DEEP.CN
Deep-South Resources Inc.,DSM.V
Defence Therapeutics Inc.,DTC.CN
Defense Metals Corp.,DEFN.V
DeFi Technologies Inc.,DEFI.NE
Defiance Silver Corp.,DEF.V
Definity Financial Corporation,DFY.TO
Delivra Health Brands Inc.,DHB.V
Delota Corp.,LOTA.CN
DelphX Capital Markets Inc.,DELX.V
Delta 9 Cannabis Inc.,DN.TO
Delta CleanTech Inc.,DELT.CN
Delta Resources Limited,DLTA.V
Denarius Metals Corp.,DSLV.V
Denison Mines Corp.,DML.TO
dentalcorp Holdings Ltd.,DNTL.TO
Desert Gold Ventures Inc.,DAU.V
Desert Mountain Energy Corp,DME-WT.V
Deveron Corp.,FARM.V
Devonian Health Group Inc.,GSD.V
DevvStream Holdings Inc.,DESG.NE
Dexterra Group Inc.,DXT.TO
DFR Gold Inc.,DFR.V
DGL Investments No. 1 Inc.,DGL-P.V
DGTL Holdings Inc.,DGTL.V
Diagnamed Holdings Corp.,DMED.CN
DIAGNOS Inc.,ADK.V
Dialogue Health Technologies Inc.,CARE.TO
Diamcor Mining Inc.,DMI.V
Diamond Estates Wines & Spirits Inc.,DWS.V
Digicann Ventures Inc.,DCNN.CN
Digihost Technology Inc.,DGHI.V
Dios Exploration Inc.,DOS.V
"Direct Communication Solutions, Inc.",DCSI.CN
DIRTT Environmental Solutions Ltd.,DRT.TO
Discovery Harbour Resources Corp.,DHR.V
Discovery Silver Corp.,DSV.TO
District Copper Corp.,DCOP.V
District Metals Corp.,DMX.V
District Mines Ltd.,DIG-H.V
Divergent Energy Services Corp.,DVG.V
Diversified Royalty Corp.,DIV.TO
Dividend 15 Split Corp,DFN-PA.TO
Dividend 15 Split Corp II,DF-PA.TO
Dividend 15 Split Corp.,DFN.TO
Dividend 15 Split Corp. II,DF.TO
Dividend Growth Split Corp,DGS-PA.TO
Dividend Growth Split Corp.,DGS.TO
Dividend Select 15 Corp.,DS.TO
Dixie Gold Inc.,DG.V
DLP Resources Inc.,DLP.V
DMG Blockchain Solutions Inc.,DMGI.V
Docebo Inc.,DCBO.TO
Dollarama Inc.,DOL.TO
Dolly Varden Silver Corporation,DV.V
Doman Building Materials Group Ltd.,DBM.TO
Dominion Lending Centres Inc.,DLCG.TO
Doré Copper Mining Corp.,DCMC.V
Dorel Industries Inc.,DII-B.TO
Doseology Sciences Inc.,MOOD.CN
Doubleview Gold Corp.,DBG.V
Draganfly Inc.,DPRO.CN
Draxos Capital Corp.,DRAX-P.V
Dream Impact Trust,MPCT-UN.TO
Dream Industrial Real Estate Investment Trust,DIR-UN.TO
Dream Office Real Estate Investment Trust,D-UN.TO
Dream Residential Real Estate Investment Trust,DRR-U.TO
Dream Unlimited Corp.,DRM.TO
DRI Healthcare Trust,DHT-UN.TO
Drone Delivery Canada Corp.,FLT.V
Dundee Corporation,DC-A.TO
Dundee Precious Metals Inc.,DPM.TO
Dundee Sustainable Technologies Inc.,DST.CN
Durango Resources Inc.,DGO.V
Dye & Durham Limited,DND.TO
dynaCERT Inc.,DYA.TO
Dynacor Group Inc.,DNG.TO
Dynasty Gold Corp.,DYG.V
E Split Corp.,ENS.TO
E2Gold Inc.,ETU.V
E3 Lithium Limited,ETL.V
E79 Resources Corp.,ESNR.CN
Eagle Bay Resources Corp.,EBR.CN
Eagle Plains Resources Ltd.,EPL.V
Eagle Royalties Ltd.,ER.CN
Earth Alive Clean Technologies Inc.,EAC.V
EarthLabs Inc.,SPOT.V
EarthRenew Inc.,ERTH.CN
Earthwise Minerals Corp.,WISE.CN
Earthworks Industries Inc.,EWK.V
East Africa Metals Inc.,EAM.V
East Side Games Group Inc.,EAGR.TO
East West Petroleum Corp.,EW.V
Eastern Platinum Limited,ELR.TO
Eastfield Resources Ltd.,ETF.V
Eastwood Bio-Medical Canada Inc.,EBM.V
Eat & Beyond Global Holdings Inc.,EATS.CN
ECN Capital Corp.,ECN.TO
Eco (Atlantic) Oil & Gas Ltd.,EOG.V
Eco Oro Minerals Corp.,EOM.CN
Ecolomondo Corporation,ECM.V
Economic Investment Trust Limited,EVT.TO
Ecora Resources PLC,ECOR.TO
EcoSynthetix Inc.,ECO.TO
Edge Total Intelligence Inc.,CTRL.V
Edgemont Gold Corp.,EDGM.CN
Edgewater Wireless Systems Inc.,YFI.V
Edison Lithium Corp.,EDDY.V
EDM Resources Inc.,EDM.V
"EF EnergyFunders Ventures, Inc.",EFV.V
EGF Theramed Health Corp.,TMED.CN
EGR Exploration Ltd.,EGR.V
Eguana Technologies Inc.,EGT.V
E-L Financial Corp Ltd,ELF-PG.TO
E-L Financial Corporation Limited,ELF.TO
Elcora Advanced Materials Corp.,ERA.V
Eldorado Gold Corporation,ELD.TO
Electra Battery Materials Corporation,ELBM.V
Electric Metals (USA) Limited,EML.V
Electric Royalties Ltd.,ELEC.V
Electrovaya Inc.,ELVA.TO
Element 29 Resources Inc.,ECU.V
Element Fleet Management Corp,EFN-PE.TO
Element Fleet Management Corp.,EFN.TO
Element Nutritional Sciences Inc.,ELMT.CN
Element79 Gold Corp.,ELEM.CN
Elemental Altus Royalties Corp.,ELE.V
Elevation Gold Mining Corporation,ELVT.V
Eloro Resources Ltd.,ELO.TO
Else Nutrition Holdings Inc.,BABY.TO
Elysee Development Corp.,ELC.V
Emera Inc,EMA-PL.TO
Emera Incorporated,EMA.TO
Emerge Commerce Ltd.,ECOM.V
Emergent Metals Corp.,EMR.V
Emerita Resources Corp.,EMO.V
Eminent Gold Corp.,EMNT.V
EMP Metals Corp.,EMPS.CN
Emperor Metals Inc.,AUOZ.CN
Empire Company Limited,EMP-A.TO
Empower Clinics Inc.,EPW.CN
Empress Royalty Corp.,EMPR.V
EMX Royalty Corporation,EMX.V
Enbridge Inc,ENB-PH.TO
Enbridge Inc.,ENB.TO
Enbridge Inc. CUM RED PFD 19,ENB-PFK.TO
Encanto Potash Corp.,EPO-H.V
enCore Energy Corp.,EU.V
Endeavour Mining plc,EDV.TO
Endeavour Silver Corp.,EDR.TO
Endurance Gold Corporation,EDG.V
Enduro Metals Corporation,ENDR.V
Enerev5 Metals Inc.,ENEV.V
Enerflex Ltd.,EFX.TO
Energy Fuels Inc.,EFR.TO
Energy Income Fund,ENI-UN.TO
Energy Plug Technologies Corp.,PLUG.CN
Enerplus Corporation,ERF.TO
Enertopia Corp.,ENRT.CN
Enghouse Systems Limited,ENGH.TO
Engineer Gold Mines Ltd.,EAU.V
EnGold Mines Ltd.,EGM.V
Ensign Energy Services Inc.,ESI.TO
"Enterprise Group, Inc.",E.TO
Entheon Biomedical Corp.,ENBI.CN
Enthusiast Gaming Holdings Inc.,EGLX.TO
Entourage Health Corp.,ENTG.V
Entrée Resources Ltd.,ETG.TO
EnviroGold Global Limited,NVRO.CN
EnviroMetal Technologies Inc.,ETI.CN
Environmental Waste International Inc.,EWS.V
EnWave Corporation,ENW.V
Eon Lithium Corp.,EON.V
EonX Technologies Inc.,EONX.CN
E-Play Digital Inc.,EPY.CN
E-Power Resources Inc,EPR.CN
EQ Inc.,EQ.V
EQB Inc.,EQB.TO
Equinox Gold Corp.,EQX.TO
Equity Metals Corporation,EQTY.V
Erdene Resource Development Corporation,ERD.TO
Ero Copper Corp.,ERO.TO
Eros Resources Corp.,ERC.V
ESE Entertainment Inc.,ESE.V
ESGold Corp.,ESAU.CN
Eskay Mining Corp.,ESK.V
Essential Energy Services Ltd.,ESN.TO
Essex Minerals Inc.,ESX.V
E-Tech Resources Inc.,REE.V
Ether Capital Corporation,ETHC.NE
Etruscus Resources Corp.,ETR.CN
Eupraxia Pharmaceuticals Inc.,EPRX.TO
Eureka Lithium Corp.,ERKA.CN
Euro Manganese Inc.,EMN.V
Euro Sun Mining Inc.,ESM.TO
Euromax Resources Ltd.,EOX.TO
Europacific Metals Inc.,EUP.V
European Energy Metals Corp.,FIN.V
European Residential Real Estate Investment Trust,ERE-UN.TO
EV Minerals Corporation,EVM.CN
EV Nickel Inc.,EVNI.V
EV Technology Group Ltd.,EVTG.NE
EverGen Infrastructure Corp.,EVGN.V
Evergold Corp.,EVER.V
Evertz Technologies Limited,ET.TO
Everybody Loves Languages Corp.,ELL.V
Everyday People Financial Corp.,EPF.V
EvokAI Creative Labs Inc.,OKAI.V
Excellon Resources Inc.,EXN.TO
Excelsior Mining Corp.,MIN.TO
Exchange Income Corporation,EIF.TO
Exco Technologies Limited,XTC.TO
eXeBlock Technology Corporation,XBLK-X.CN
Exelerate Capital Corp.,XCAP-P.V
ExGen Resources Inc.,EXG.V
Exploits Discovery Corp.,NFLD.CN
Exro Technologies Inc,EXRO-WT.TO
Exro Technologies Inc.,EXRO.TO
Extendicare Inc.,EXE.TO
Exxon Mobil Corp,XOM.NE
EYEFI Group Technologies Inc.,EGTI.CN
F3 Uranium Corp.,FUU.V
Fab-Form Industries Ltd.,FBF.V
Fabled Copper Corp.,FABL.CN
Fairchild Gold Corp.,FAIR.V
FAIRCOURT GOLD INCOME CORP.,FGX.NE
FAIRCOURT SPLIT TRUST - UNITS,FCS-UN.NE
Fairfax Financial Holdings Limited,FFH.TO
Fairfax India Holdings Corporation,FIH-U.TO
Falco Resources Ltd.,FPC.V
Falcon Gold Corp.,FG.V
Falcon Oil & Gas Ltd.,FO.V
Fancamp Exploration Ltd.,FNC.V
Fandifi Technology Corp.,FDM.CN
FansUnite Entertainment Inc.,FANS.TO
Faraday Copper Corp.,FDY.TO
Farmers Edge Inc.,FDGE.TO
Fathom Nickel Inc.,FNI.CN
FE Battery Metals Corp.,FE.CN
FendX Technologies Inc.,FNDX.CN
FenixOro Gold Corp.,FENX.CN
FG Acquisition Corp.,FGAA-U.TO
Fidelity Minerals Corp.,FMN.V
Fiera Capital Corporation,FSZ.TO
Filament Health Corp.,FH.NE
Filo Corp.,FIL.TO
Financial 15 Split Corp,FTN-PA.TO
Financial 15 Split Corp.,FTN.TO
Findev Inc.,FDI.V
Fineqia International Inc.,FNQ.CN
Finlay Minerals Ltd.,FYL.V
Finning International Inc.,FTT.TO
Fintech Select Ltd.,FTEC.V
Firan Technology Group Corporation,FTG.TO
FireFox Gold Corp.,FFOX.V
Fireweed Metals Corp.,FWZ.V
Firm Capital Mortgage Investment Corporation,FC.TO
Firm Capital Property Trust,FCD-UN.TO
First American Uranium Inc.,URM.CN
First and Goal Capital Corp.,FGCC-P.V
First Capital Real Estate Investment Trust,FCR-UN.TO
First Helium Inc.,HELI.V
First Hydrogen Corp.,FHYD.V
First Lithium Minerals Corp.,FLM.CN
First Majestic Silver Corp.,FR.TO
First Mining Gold Corp.,FF.TO
First National Financial Corp,FN-PB.TO
First National Financial Corporation,FN.TO
First Phosphate Corp.,PHOS.CN
First Quantum Minerals Ltd.,FM.TO
First Tellurium Corp.,FTEL.CN
First Tidal Acquisition Corp.,AAA-P.V
FirstService Corporation,FSV.TO
Fission Uranium Corp.,FCU.TO
Fjordland Exploration Inc.,FEX.V
Flint Corp.,FLNT.TO
Flow Beverage Corp.,FLOW.TO
Flow Capital Corp.,FW.V
Flow Metals Corp.,FWM.CN
FLYHT Aerospace Solutions Ltd.,FLY.V
Flying Nickel Mining Corp.,FLYN.V
Fobi AI Inc.,FOBI.V
Focus Graphite Inc.,FMS.V
Fokus Mining Corporation,FKM.V
Foraco International SA,FAR.TO
Foran Mining Corporation,FOM.TO
Foremost Lithium Resource & Technology Ltd.,FAT.CN
Forstrong Emerging Markets Equity ETF,FEME.TO
Forstrong Global Ex-North America Equity ETF,FINE.TO
Forstrong Global Growth Fund,FGRW.TO
Forstrong Global Income ETF,FINC.TO
Forsys Metals Corp.,FSY.TO
Fort St. James Nickel Corp.,FTJ.V
Forte Minerals Corp.,CUAU.CN
Fortuna Silver Mines Inc.,FVI.TO
Fortune Bay Corp.,FOR.V
Fortune Minerals Limited,FT.TO
Forty Pillars Mining Corp.,PLLR.CN
Forum Energy Metals Corp.,FMC.V
Forward Water Technologies Corp.,FWTC.V
Forza Lithium Corp.,FZ.CN
Forza Petroleum Limited,FORZ.TO
Fosterville South Exploration Ltd.,FSX.V
Founders Metals Inc.,FDR.V
Fountain Asset Corp.,FA.V
Four Nines Gold Inc.,FNAU.CN
Fox River Resources Corporation,FOX.CN
FP Newspapers Inc.,FP.V
FPX Nickel Corp.,FPX.V
Franco-Nevada Corporation,FNV.TO
Fraser Mackenzie Accelerator Corp.,FMAC-P.V
Fredonia Mining Inc.,FRED.V
Free Battery Metal Limited,FREE.CN
Freegold Ventures Limited,FVL.TO
Freehold Royalties Ltd.,FRU.TO
Freeman Gold Corp.,FMAN.V
Freeport Resources Inc.,FRI.V
Fremont Gold Ltd.,FRE.V
Frequency Exchange Corp.,FREQ.V
Friday's Dog Holdings Inc.,FRDY.V
FRNT Financial Inc.,FRNT.V
Frontera Energy Corporation,FEC.TO
Frontier Lithium Inc.,FL.V
FRX Innovations Inc.,FRXI.V
FSD Pharma Inc.,HUGE.CN
FTI Foodtech International Inc.,FTI.V
FuelPositive Corporation,NHHH.V
Full Circle Lithium Corp.,FCLI.V
Fury Gold Mines Limited,FURY.TO
Fuse Battery Metals Inc.,FUSE.V
G Mining Ventures Corp.,GMIN.V
G.E.T.T. Gold Inc.,GETT.V
G2 Energy Corp.,GTOO.CN
G2 Goldfields Inc.,GTWO.V
G6 Materials Corp.,GGG.V
Gabriel Resources Ltd.,GBU.V
GABY Inc.,GABY.CN
Galantas Gold Corporation,GAL.V
Galaxy Digital Holdings Ltd.,GLXY.TO
Galaxy Ventures Inc.,GXY-P.V
Galiano Gold Inc.,GAU.TO
Galleon Gold Corp.,GGO.V
Galore Resources Inc.,GRI.V
Galway Metals Inc.,GWM.V
Gama Explorations Inc.,GAMA.CN
Gamehost Inc.,GH.TO
Gamelancer Media Corp.,GMNG.TO
GameOn Entertainment Technologies Inc.,GET.CN
"GameSquare Holdings, Inc.",GAME.V
Gander Gold Corporation,GAND.CN
Garibaldi Resources Corp.,GGI.V
Gatekeeper Systems Inc.,GSI.V
"Gatos Silver, Inc.",GATO.TO
GBLT Corp.,GBLT.V
GDI Integrated Facility Services Inc.,GDI.TO
Gear Energy Ltd.,GXE.TO
Geekco Technologies Corporation,GKO.V
Gelum Resources Ltd.,GMR.CN
Gemina Laboratories Ltd.,GLAB.CN
General Assembly Holdings Limited,GA.V
General Copper Gold Corp.,GGLD.CN
Generation Mining Limited,GENM.TO
Generative AI Solutions Corp.,AICO.CN
Generic Gold Corp.,GGC.CN
Genesis AI Corp.,AIG.CN
Genesis Land Development Corp.,GDC.TO
genifi inc.,GNFI.V
Genius Metals Inc.,GENI.V
Genix Pharmaceuticals Corporation,GENX.V
Gensource Potash Corporation,GSP.V
Geodrill Limited,GEO.TO
Geologica Resource Corp.,GRCM.CN
Geomega Resources Inc.,GMA.V
George Weston Limited,WN.TO
Getchell Gold Corp.,GTCH.CN
Getty Copper Inc.,GTC.V
GFG Resources Inc,GFG.V
GFL Environmental Inc.,GFL.TO
GGL Resources Corp.,GGL.V
GGX Gold Corp.,GGX.V
Gibson Energy Inc.,GEI.TO
Giga Metals Corporation,GIGA.V
Gildan Activewear Inc.,GIL.TO
Gitennes Exploration Inc.,GIT.V
Givex Corp.,GIVX.TO
Giyani Metals Corp.,EMM.V
Glacier Media Inc.,GVC.TO
Gladiator Metals Corp.,GLAD.V
Glass House Brands Inc.,GLAS-A.NE
Glen Eagle Resources Inc.,GER.V
GLG Life Tech Corporation,GLG.TO
Global Atomic Corporation,GLO.TO
Global Battery Metals Ltd.,GBML.V
Global Compliance Applications Corp.,APP.CN
Global Crossing Airlines Group Inc.,JET.NE
Global Dividend Growth Split Corp.,GDV.TO
Global Education Communities Corp.,GEC.TO
Global Energy Metals Corporation,GEMC.V
Global Food and Ingredients Ltd.,PEAS.V
Global Helium Corp.,HECO.CN
Global Hemp Group Inc.,GHG.CN
Global Li-Ion Graphite Corp.,LION.CN
Global UAV Technologies Ltd.,UAV.CN
Global Wellness Strategies Inc.,GWS.CN
GlobalBlock Digital Asset Trading Limited,BLOK-H.V
Globex Mining Enterprises Inc.,GMX.TO
Glow Lifetech Corp.,GLOW.CN
GMV Minerals Inc.,GMV.V
Go Metals Corp.,GOCO.CN
GOAT Industries Ltd.,GOAT.CN
goeasy Ltd.,GSY.TO
GoGold Resources Inc.,GGD.TO
Golcap Resources Corp.,GCP.CN
Golconda Gold Ltd.,GG.V
Gold Basin Resources Corporation,GXX.V
Gold Bull Resources Corp.,GBRC.V
Gold Digger Resources Inc.,GDIG.CN
Gold Flora Corporation,GRAM.NE
Gold Hunter Resources Inc.,HUNT.CN
Gold Line Resources Ltd.,GLDL.V
Gold Mountain Mining Corp.,GMTN.TO
Gold Port Corporation,GPO.CN
Gold Reserve Inc.,GRZ.V
Gold Springs Resource Corp.,GRC.TO
Gold Terra Resource Corp.,YGT.V
Gold79 Mines Ltd.,AUU.V
Goldbank Mining Corporation,GLB.V
Goldcliff Resource Corporation,GCN.V
Golden Arrow Resources Corporation,GRG.V
Golden Cariboo Resources Ltd.,GCC.V
Golden Goliath Resources Ltd.,GNG.V
Golden Independence Mining Corp.,IGLD.CN
Golden Lake Exploration Inc.,GLM.CN
Golden Minerals Company,AUMN.TO
Golden Ridge Resources Ltd.,GLDN.V
Golden Shield Resources Inc.,GSRI.CN
Golden Sky Minerals Corp.,AUEN.V
Golden Spike Resources Corp.,GLDS.CN
Golden Tag Resources Ltd.,GOG.V
Goldex Resources Corporation,GDX.V
Goldflare Exploration Inc.,GOFL.V
GoldHaven Resources Corp.,GOH.CN
Goldhills Holding Ltd.,GHL.V
GoldMining Inc.,GOLD.TO
Goldmoney Inc.,XAU.TO
Gold'n Futures Mineral Corp.,FUTR.CN
GoldON Resources Ltd.,GLD.V
Goldquest Mining Corp.,GQC.V
Goldrea Resources Corp.,GOR.CN
Goldseek Resources Inc.,GSK.CN
Goldshore Resources Inc.,GSHR.V
Goldsource Mines Inc.,GXS.V
Goldstar Minerals Inc.,GDM.V
Goldstorm Metals Corp.,GSTM.V
Goliath Resources Limited,GOT.V
Good Gamer Entertainment Inc.,GOOD.V
good natured Products Inc.,GDNP.V
Good2Go4 Corp.,GFOR-P.V
Goodfellow Inc.,GDL.TO
Goodfood Market Corp.,FOOD.TO
"Goodness Growth Holdings, Inc.",GDNS.CN
Gossan Resources Limited,GSS.V
GoviEx Uranium Inc.,GXU.V
Gowest Gold Ltd.,GWA.V
GPM Metals Inc.,GPM.V
GR Silver Mining Ltd.,GRSL.V
Gran Tierra Energy Inc.,GTE.TO
Granada Gold Mine Inc.,GGM.V
Grande Portage Resources Ltd.,GPG.V
Granite Creek Copper Ltd.,GCX.V
Granite Real Estate Investment Trust,GRT-UN.TO
Graph Blockchain Inc.,GBLC.CN
Graphano Energy Ltd.,GEL.V
Graphene Manufacturing Group Ltd,GMG.V
Graphite One Inc.,GPH.V
Gratomic Inc.,GRAT.V
Graycliff Exploration Limited,GRAY.CN
Great Atlantic Resources Corp.,GR.V
Great Eagle Gold Corp.,GEGC.CN
Great Quest Fertilizer Ltd.,GQ.V
Great-West Lifeco Inc.,GWO.TO
Green Arrow Resources Inc.,GAR-H.V
Green Battery Minerals Inc.,GEM.V
Green Impact Partners Inc.,GIP.V
Green Rise Foods Inc.,GRF.V
Green River Gold Corp.,CCR.CN
Green Shift Commodities Ltd.,GCOM.V
Green Thumb Industries Inc.,GTII.CN
GreenBank Capital Inc.,GBC.CN
Greenbriar Capital Corp.,GRB.V
Greencastle Resources Ltd.,VGN.V
GreenFirst Forest Products Inc.,GFP.TO
Greenhawk Resources Inc.,GRHK.CN
Greenland Resources Inc.,MOLY.NE
Greenlane Renewables Inc.,GRN.TO
GreenPower Motor Company Inc.,GPV.V
Greenway Greenhouse Cannabis Corporation,GWAY.CN
Grey Wolf Animal Health Corp.,WOLF.V
Grid Battery Metals Inc.,CELL.V
Grid Metals Corp.,GRDM.V
Grizzly Discoveries Inc.,GZD.V
Grosvenor CPC I Inc.,GRVA-P.V
Grosvenor Resource Corporation,GVR.V
Grounded Lithium Corp.,GRD.V
Group Eleven Resources Corp.,ZNG.V
Grown Rogue International Inc.,GRIN.CN
GSP Resource Corp.,GSPR.V
Guanajuato Silver Company Ltd.,GSVR.V
Guardian Capital Group Limited,GCG.TO
Guardian Exploration Inc.,GX.V
Gungnir Resources Inc.,GUG.V
Gunpoint Exploration Ltd.,GUN.V
GURU Organic Energy Corp.,GURU.TO
H&R Real Estate Investment Trust,HR-UN.TO
H2 Ventures 1 Inc.,HO-P.V
H2O Innovation Inc.,HEO.TO
Haivision Systems Inc.,HAI.TO
Halcones Precious Metals Corp.,HPM.V
Hamilton Thorne Ltd.,HTL.V
Hammerhead Energy Inc.,HHRS.TO
Hammond Manufacturing Company Limited,HMM-A.TO
Hammond Power Solutions Inc.,HPS-A.TO
Hank Payments Corp.,HANK.V
Hannan Metals Ltd.,HAN.V
Hansco Capital Corp.,HCO-P.V
"Hapbee Technologies, Inc.",HAPB.V
Happy Belly Food Group Inc.,HBFG.CN
Happy Creek Minerals Ltd.,HPY.V
Harfang Exploration Inc.,HAR.V
Harrys Manufacturing Inc.,HARY.CN
Harvest Gold Corporation,HVG.V
HAVN Life Sciences Inc.,HAVN.CN
Headwater Exploration Inc.,HWX.TO
Headwater Gold Inc.,HWG.CN
Healthcare Special Opportunities Fund,MDS-UN.TO
Helios Fairfax Partners Corporation,HFPC-U.TO
Heliostar Metals Ltd.,HSTR.V
Helium Evolution Incorporated,HEVI.V
Helix BioPharma Corp.,HBP.TO
Hemisphere Energy Corporation,HME.V
Hemlo Explorers Inc.,HMLO.V
Hemostemix Inc.,HEM.V
Hempsana Holdings Ltd.,HMPS.CN
Herbal Dispatch Inc.,HERB.CN
Hercules Resources Corp.,HERC.CN
Hercules Silver Corp.,BIG.V
Heritage Cannabis Holdings Corp.,CANN.CN
Heritage Mining Ltd.,HML.CN
Héroux-Devtek Inc.,HRX.TO
Hertz Lithium Inc,HZ-WT.CN
Hertz Lithium Inc.,HZ.CN
High Arctic Energy Services Inc,HWO.TO
High Liner Foods Incorporated,HLF.TO
High Mountain 2 Capital Corporation,HMCC-P.V
High Tide Inc.,HITI.V
High Tide Resources Corp.,HTRC.CN
Highbank Resources Ltd.,HBK.V
Highcliff Metals Corp.,HCM-H.V
HighGold Mining Inc.,HIGH.V
Highland Copper Company Inc.,HI.V
Highway 50 Gold Corp.,HWY.V
Highwood Asset Management Ltd,HAM-WT.V
Highwood Asset Management Ltd.,HAM.V
Hill Incorporated,HILL.V
Hillcrest Energy Technologies Ltd.,HEAT.CN
Hispania Resources Inc.,ESPN.V
HIVE Digital Technologies Ltd.,HIVE.V
HLS Therapeutics Inc.,HLS.TO
Home Capital Group Inc.,HCG.TO
Homerun Resources Inc.,HMR.V
Honey Badger Silver Inc.,TUF.V
Honeywell International Inc.,HON.NE
Horizon Copper Corp.,HCU.V
Horizons Canadian Large Cap Equity Covered Call ETF,CNCC.TO
Horizons Canadian Oil and Gas Equity Covered Call ETF,ENCC.TO
Horizons Equal Weight Canadian Bank Covered Call ETF,BKCC.TO
Horizons Gold Producer Equity Covered Call ETF,GLCC.TO
Horizons NASDAQ-100 Covered Call ETF,QQCC.TO
Horizonte Minerals Plc,HZM.TO
Hot Chili Limited,HCH.V
HPQ Silicon Inc.,HPQ.V
HS GovTech Solutions Inc.,HS.CN
HTC Purenergy Inc.,HTC.V
Hudbay Minerals Inc.,HBM.TO
Hudson Resources Inc.,HUD.V
Humble & Fume Inc.,HMBL.CN
Huntsman Exploration Inc.,HMAN.V
Hut 8 Mining Corp.,HUT.TO
Hydaway Ventures Corp.,HIDE-P.V
Hydreight Technologies Inc.,NURS.V
Hydro One Limited,H.TO
HydroGraph Clean Power Inc.,HG.CN
Hypercharge Networks Corp.,HC.NE
HYTN Innovations Inc.,HYTN.CN
i3 Energy Plc,ITE.TO
i-80 Gold Corp.,IAU.TO
iA Financial Corporation Inc.,IAG.TO
IAMGOLD Corporation,IMG.TO
"iAnthus Capital Holdings, Inc.",IAN.CN
IBC Advanced Alloys Corp.,IB.V
IBEX Technologies Inc.,IBT.V
IC Capitalight Corp.,IC.CN
Iconic Minerals Ltd.,ICM.V
Identillect Technologies Corp.,ID.V
IEMR Resources Inc.,IRI.V
iFabric Corp.,IFA.TO
IGM Financial Inc.,IGM.TO
illumin Holdings Inc.,ILLM.TO
IM Cannabis Corp.,IMCC.CN
Imaflex Inc.,IFX.V
Imagin Medical Inc.,IME.CN
Imagine Lithium Inc.,ILI.V
ImagineAR Inc.,IP.CN
iMetal Resources Inc.,IMR.V
Immutable Holdings Inc.,HOLD.NE
IMPACT Silver Corp.,IPT.V
Imperial Ginseng Products Ltd.,IGP.V
Imperial Metals Corporation,III.TO
Imperial Mining Group Ltd.,IPG.V
Imperial Oil Limited,IMO.TO
INAV impak CIRCA5000 Green Ener,CRWN-NT.TO
Inca One Gold Corp.,INCA.V
Income Financial Trust,INC-UN.TO
Independence Gold Corp.,IGO.V
Indigenous Bloom Hemp Corp.,IBH.CN
Indigo Books & Music Inc.,IDG.TO
Indigo Exploration Inc.,IXI.V
Indiva Limited,NDVA.V
INEO Tech Corp.,INEO.V
Infield Minerals Corp.,INFD.V
infinitii ai inc.,IAI.CN
Infinitum Copper Corp.,INFI.V
Infinity Stone Ventures Corp.,GEMS.CN
Inflection Resources Ltd.,AUCU.CN
Information Services Corporation,ISV.TO
Innergex Renewable Energy Inc,INE-PC.TO
Innergex Renewable Energy Inc.,INE.TO
InnoCan Pharma Corporation,INNO.CN
Innovotech Inc.,IOT.V
Inomin Mines Inc.,MINE.V
Inovalis Real Estate Investment Trust,INO-UN.TO
InPlay Oil Corp.,IPO.TO
Inspire Semiconductor Holdings Inc.,INSP.V
InsuraGuest Technologies Inc.,ISGI.V
Intact Financial Corporation,IFC.TO
Integra Resources Corp.,ITR.V
Intel Corporation,INTC.NE
IntelGenx Technologies Corp.,IGX.TO
Intellipharmaceutics International Inc.,IPCI.TO
InterCure Ltd.,INCR-U.TO
Interfield Global Software Inc.,IFSS.NE
Interfor Corporation,IFP.TO
Intermap Technologies Corporation,IMP.TO
International Battery Metals Ltd.,IBAT.CN
International Business Machines Corporation,IBM.NE
International Iconic Gold Exploration Corp.,ICON.V
International Lithium Corp.,ILC.V
International Metals Mining Corp.,IMM.V
International Petroleum Corporation,IPCO.TO
International Prospect Ventures Ltd.,IZZ.V
International Tower Hill Mines Ltd.,ITH.TO
International Zeolite Corp.,IZ.V
Interra Copper Corp.,IMCX.CN
InterRent Real Estate Investment Trust,IIP-UN.TO
Inter-Rock Minerals Inc.,IRO.V
Intouch Insight Ltd.,INX.V
Intrepid Metals Corp.,INTR.V
Inventronics Limited,IVX.V
Inventus Mining Corp.,IVS.V
Invesque Inc.,IVQ.TO
InZinc Mining Ltd.,IZN.V
Ion Energy Ltd.,ION.V
IOU Financial Inc.,IOU.V
Irving Resources Inc.,IRV.CN
"Irwin Naturals, Inc.",IWIN.CN
iSIGN Media Solutions Inc.,ISD.V
ISM Resources Corp.,ISM.CN
IsoEnergy Ltd.,ISO.V
Itafos Inc.,IFOS.V
Ivanhoe Electric Inc.,IE.TO
Ivanhoe Mines Ltd.,IVN.TO
Izotropic Corporation,IZO.CN
J4 Ventures Inc.,JJJJ-P.V
Jack Nathan Medical Corp.,JNH.V
Jackpot Digital Inc.,JJ.V
Jaguar Mining Inc.,JAG.TO
James Bay Resources Limited,JBR.CN
Jamieson Wellness Inc.,JWEL.TO
Japan Gold Corp.,JG.V
Jasper Commerce Inc.,JPIM.V
Jaxon Mining Inc.,JAX.V
Jayden Resources Inc.,JDN.V
Jericho Energy Ventures Inc.,JEV.V
Jervois Global Limited,JRV.V
JFT Strategies Fund,JFS-UN.TO
Jolt Health Inc.,JOLT.CN
Journey Energy Inc.,JOY.TO
JPMorgan Chase & Co.,JPM.NE
Juggernaut Exploration Ltd.,JUGR.V
Jushi Holdings Inc.,JUSH.CN
Just Kitchen Holdings Corp.,JK.V
Justera Health Ltd.,VTAL.CN
JVR Ventures Inc.,JVR-P.V
JZR Gold Inc.,JZR.V
K2 Gold Corporation,KTO.V
K9 Gold Corp.,KNC.V
K92 Mining Inc.,KNT.TO
Kadestone Capital Corp.,KDSX.V
Kainantu Resources Ltd.,KRL.V
Kaizen Discovery Inc.,KZD.V
Kalma Capital Corp.,KALM-P.V
Kalo Gold Corp.,KALO.V
Kane Biotech Inc.,KNE.V
Kapa Gold Inc.,KAPA.V
Karnalyte Resources Inc.,KRN.TO
Karora Resources Inc.,KRR.TO
Katipult Technology Corp.,FUND.V
Kaymus Resources Inc.,KYS-H.V
K-Bro Linen Inc.,KBL.TO
KDA Group Inc.,KDA.V
Kelso Technologies Inc.,KLS.TO
Kelt Exploration Ltd.,KEL.TO
Kenorland Minerals Ltd.,KLD.V
Kermode Resources Ltd.,KLM.V
Kesselrun Resources Ltd.,KES.V
Kestrel Gold Inc.,KGC.V
Keyera Corp.,KEY.TO
KGL Resources Ltd.,KGL-H.V
Kiboko Gold Inc.,KIB.V
Killam Apartment REIT,KMP-UN.TO
Kinaxis Inc.,KXS.TO
Kincora Copper Limited,KCC.V
King Global Ventures Inc.,KING.V
Kingfisher Metals Corp.,KFR.V
Kingman Minerals Ltd.,KGS.V
Kings Entertainment Group Inc.,JKPT.CN
Kingsmen Resources Ltd.,KNG.V
Kingsview Minerals Ltd.,KVM.CN
Kinross Gold Corporation,K.TO
Kintavar Exploration Inc.,KTR.V
Kiplin Metals Inc.,KIP.V
Kirkland Lake Discoveries Corp.,KLDC.V
Kits Eyecare Ltd.,KITS.TO
Kiwetinohk Energy Corp.,KEC.TO
Klimat X Developments Inc.,KLX.V
Klondike Gold Corp.,KG.V
Klondike Silver Corp.,KS.V
"kneat.com, inc.",KSI.TO
Knight Therapeutics Inc.,GUD.TO
Kobo Resources Inc.,KRI.V
Kodiak Copper Corp.,KDK.V
Koios Beverage Corp.,FIT.CN
Kolibri Global Energy Inc.,KEI.TO
Komo Plant Based Foods Inc.,YUM.CN
Kontrol Technologies Corp.,KNR.NE
Kootenay Silver Inc.,KTN.V
KORE Mining Ltd.,KORE.V
Kovo HealthTech Corporation,KOVO.V
KP Tissue Inc.,KPT.TO
Kraken Energy Corp.,UUSA.CN
Kraken Robotics Inc.,PNG.V
Kutcho Copper Corp.,KC.V
Kuuhubb Inc.,KUU.V
Kuya Silver Corporation,KUYA.CN
KWESST Micro Systems Inc.,KWE.V
KWG Resources Inc.,CACR.CN
Labrador Gold Corp.,LAB.V
Labrador Iron Ore Royalty Corporation,LIF.TO
Labrador Resources Inc.,LTX.V
Lahontan Gold Corp.,LG.V
Lake Winn Resources Corp.,LWR.V
Lancaster Resources Inc.,LCR.CN
Lara Exploration Ltd.,LRA.V
Laramide Resources Ltd.,LAM.TO
Largo Inc.,LGO.TO
Largo Physical Vanadium Corp.,VAND.V
Lassonde Industries Inc.,LAS-A.TO
Latin Metals Inc.,LMS.V
Latitude Uranium Inc.,LUR.CN
Laurentian Bank of Canada,LB.TO
Laurion Mineral Exploration Inc.,LME.V
Lavras Gold Corp.,LGC.V
Leading Edge Materials Corp.,LEM.V
Leef Brands Inc.,LEEF.CN
Legend Power Systems Inc.,LPS.V
Legible Inc.,READ.CN
Leocor Gold Inc.,LECR.CN
Leonovus Inc.,LTV.V
Leon's Furniture Limited,LNF.TO
Leopard Lake Gold Corp.,LP.CN
Level 14 Ventures Ltd.,LVL.CN
Leveljump Healthcare Corp.,JUMP.V
Leviathan Gold Ltd.,LVX.V
Li3 Lithium Corp.,LILI.V
Libero Copper & Gold Corporation,LBC.V
"Liberty Defense Holdings, Ltd.",SCAN.V
Liberty Gold Corp.,LGD.TO
Life & Banc Split Corp,LBS-PA.TO
Life & Banc Split Corp.,LBS.TO
Lifeist Wellness Inc.,LFST.V
LifeSpeak Inc.,LSPK.TO
Li-FT Power Ltd.,LIFT.CN
Lightspeed Commerce Inc.,LSPD.TO
Li-Metal Corp.,LIM.CN
Linamar Corporation,LNR.TO
Lincoln Ventures Ltd.,LX-H.V
Lion Copper and Gold Corp.,LEO.V
Lion One Metals Limited,LIO.V
Lion One Metals Ltd,LIO-WT.V
Lion Rock Resources Inc.,ROAR.V
Lions Bay Capital Inc.,LBI.V
Lithium Americas Corp.,LAC.TO
Lithium Chile Inc.,LITH.V
Lithium Energi Exploration Inc.,LEXI.V
Lithium Ionic Corp.,LTH.V
Lithium Lion Metals Inc.,LLM.CN
Lithium One Metals Inc.,LONE.V
Lithium Royalty Corp.,LIRC.TO
Lithium South Development Corporation,LIS.V
LithiumBank Resources Corp.,LBNK.V
Live Energy Minerals Corp.,LIVE.CN
Lobe Sciences Ltd.,LOBE.CN
Loblaw Companies Limited,L.TO
Lodestar Battery Metals Corp.,LSTR.V
Logan Energy Corp.,LGN.V
Logistec Corporation,LGT-B.TO
Lomiko Metals Inc.,LMR.V
Loncor Gold Inc.,LN.TO
Longhorn Exploration Corp.,LEX.V
Looking Glass Labs Ltd.,NFTX.NE
Loop Energy Inc.,LPEN.TO
Los Andes Copper Ltd.,LA.V
Lotus Ventures Inc.,J.CN
Lowell Farms Inc.,LOWL.CN
LQWD Technologies Corp.,LQWD.V
Luca Mining Corp.,LUCA.V
Lucara Diamond Corp.,LUC.TO
Lucero Energy Corp.,LOU.V
Lucky Minerals Inc.,LKY.V
Lumina Gold Corp.,LUM.V
Lumine Group Inc.,LMN.V
Luminex Resources Corp.,LR.V
Lundin Gold Inc.,LUG.TO
Lundin Mining Corporation,LUN.TO
Luxxfolio Holdings Inc.,LUXX.CN
"LXRandCo, Inc.",LXR.TO
Lycos Energy Inc.,LCX.V
Macarthur Minerals Limited,MMS.V
MacDonald Mines Exploration Ltd.,BMK.V
Mackenzie Master Limited Partnership,MKZ-UN.TO
Madison Metals Inc.,GREN.CN
Madison Pacific Properties Inc.,MPC.TO
Madoro Metals Corp.,MDM.V
MAG Silver Corp.,MAG.TO
Magellan Aerospace Corporation,MAL.TO
Magna International Inc.,MG.TO
Magna Mining Inc.,NICU.V
Magna Terra Minerals Inc.,MTT.V
Magnum Goldcorp Inc.,MGI.V
Mainstreet Equity Corp.,MEQ.TO
Majestic Gold Corp.,MJS.V
Major Drilling Group International Inc.,MDI.TO
Majuba Hill Copper Corp.,JUBA.CN
Makara Mining Corp.,MAKA.CN
Mako Mining Corp.,MKO.V
Mammoth Resources Corp.,MTH.V
Mandalay Resources Corporation,MND.TO
Manganese X Energy Corp.,MN.V
Manning Ventures Inc.,MANN.CN
Mantaro Precious Metals Corp.,MNTR.V
Manulife Financial Corporation,MFC.TO
Maple Gold Mines Ltd.,MGM.V
Maple Leaf Foods Inc.,MFI.TO
Maple Leaf Green World Inc.,MGW.CN
Maple Peak Investments Inc.,MAP.V
Marathon Gold Corporation,MOZ.TO
Marble Financial Inc.,MRBL.CN
Marimaca Copper Corp.,MARI.TO
MariMed Inc.,MRMD.CN
Maritime Launch Services Inc.,MAXQ.NE
Maritime Resources Corp.,MAE.V
Marksmen Energy Inc.,MAH.V
Marret Multi-Strategy Income Fund,MMF-UN.CN
Martello Technologies Group Inc.,MTLO.V
Martina Minerals Corp.,MTN-H.V
Martinrea International Inc.,MRE.TO
Marvel Biosciences Corp.,MRVL.V
Marvel Discovery Corp.,MARV.V
Marwest Apartment Real Estate Investment Trust,MAR-UN.V
Mary Agrotechnologies Inc.,MARY.CN
MAS GOLD CORP RTS,MAS-RT.V
MAS Gold Corp.,MAS.V
Masivo Silver Corp.,MASS.V
Mason Graphite Inc.,LLG.V
Mastercard Incorporated,MA.NE
MAV Beauty Brands Inc.,MAV.TO
Maven Brands Inc.,MJ.CN
Mawson Gold Limited,MAW.TO
Max Power Mining Corp.,MAXX.CN
Max Resource Corp.,MAX.V
Maxim Power Corp.,MXG.TO
Mayfair Gold Corp.,MFG.V
Mazarin Inc.,MAZ-H.V
MCAN Mortgage Corporation,MKP.TO
McChip Resources Inc.,MCS.V
McCoy Global Inc.,MCB.TO
McDonald's Corp,MCDS.NE
McEwen Mining Inc.,MUX.TO
MCF Energy Ltd.,MCF.V
McFarlane Lake Mining Limited,MLM.NE
MCI Onehealth Technologies Inc.,DRDR.TO
McLaren Resources Inc.,MCL.CN
MCX Technologies Corporation,MCX.V
MDA Ltd.,MDA.TO
mdf commerce inc.,MDF.TO
Medallion Resources Ltd.,MDL.V
Medaro Mining Corp.,MEDA.CN
Medexus Pharmaceuticals Inc.,MDP.TO
MediaValet Inc.,MVP.TO
Medical Facilities Corporation,DR.TO
Medicenna Therapeutics Corp.,MDNA.TO
"Medicine Man Technologies, Inc.",SHWZ.NE
Medicure Inc.,MPH.V
MediPharm Labs Corp.,LABS.TO
Medivolve Inc.,MEDV.NE
MedMen Enterprises Inc.,MMEN.CN
MedMira Inc.,MIR.V
Mednow Inc.,MNOW.V
MedX Health Corp,MDX.V
MEG Energy Corp.,MEG.TO
Mega Copper Ltd.,MCU.V
Mega Uranium Ltd.,MGA.TO
MegaWatt Lithium and Battery Metals Corp.,MEGA.CN
Melcor Developments Ltd.,MRD.TO
Melcor Real Estate Investment Trust,MR-UN.TO
Melkior Resources Inc.,MKR.V
Memex Inc.,OEE.V
Mene Inc.,MENE.V
Meridian Mining UK Societas,MNO.TO
"Meta Platforms, Inc.",META.NE
Metal Energy Corp.,MERG.V
Metalex Ventures Ltd.,MTX.V
Metalite Resources Inc.,METL.CN
Metalla Royalty & Streaming Ltd.,MTA.V
Metallic Minerals Corp.,MMG.V
Metallica Metals Corp.,MM.CN
Metallis Resources Inc.,MTS.V
Metalore Resources Limited,MET.V
MetalQuest Mining Inc.,MQM.V
Metals Creek Resources Corp.,MEK.V
Metamaterial Exchangeco Inc.,MMAX.CN
"MetaWorks Platforms, Inc.",MWRK.CN
Methanex Corporation,MX.TO
Metro Inc.,MRU.TO
Mexican Gold Mining Corp.,MEX.V
Miata Metals Corp.,MMET.CN
Microbix Biosystems Inc.,MBX.TO
Micromem Technologies Inc.,MRM.CN
Microsoft Corporation,MSFT.NE
Midasco Capital Corp.,MGC-H.V
Midland Exploration Inc.,MD.V
Midnight Sun Mining Corp.,MMA.V
Midwest Energy Emissions Corp.,MEEC.V
Mijem Newcomm Tech Inc.,MJEM.CN
Millennial Potash Corp.,MLP.V
MiMedia Holdings Inc.,MIM.V
Minaurum Gold Inc.,MGG.V
Minco Capital Corp.,MMM.V
Minco Silver Corporation,MSV.TO
Mind Medicine (MindMed) Inc.,MMED.NE
MindBio Therapeutics Corp.,MBIO.CN
Mindset Pharma Inc.,MSET.CN
Minehub Technologies Inc.,MHUB.V
Minera Alamos Inc.,MAI.V
Minera IRL Limited,MIRL.CN
Mineral Mountain Resources Ltd.,MMV.V
Mineros S.A.,MSA.TO
Minerva Intelligence Inc.,MVAI.V
MiniLuxe Holding Corp.,MNLX.V
Mink Ventures Corporation,MINK.V
Minnova Corp.,MCI.V
Minsud Resources Corp.,MSR.V
MINT Income Fund,MID-UN.TO
Minto Apartment Real Estate Investment Trust,MI-UN.TO
Mirasol Resources Ltd.,MRZ.V
Mistango River Resources Inc.,MIS.CN
Mkango Resources Ltd.,MKA.V
Mobilum Technologies Inc.,MBLM.CN
Modern Plant Based Foods Inc.,MEAT.CN
Mogo Inc.,MOGO.TO
Molecule Holdings Inc.,MLCL.CN
Molson Coors Canada Inc.,TPX-B.TO
Molten Metals Corp,MOLT.CN
Monarca Minerals Inc.,MMN.V
Monarch Mining Corporation,GBAR.TO
Moneta Gold Inc.,ME.TO
Mongolia Growth Group Ltd.,YAK.V
Mongoose Mining Ltd.,MNG.CN
Monitor Ventures Inc.,MVI-H.V
Montage Gold Corp.,MAU.V
Montego Resources Inc.,MY.CN
Montero Mining and Exploration Ltd.,MON.V
Montfort Capital Corp.,MONT.V
Monument Mining Limited,MMY.V
Monumental Minerals Corp.,MNRL.V
Moon River Capital Ltd.,MOO-P.V
Moonbound Mining Ltd.,MML.CN
Moovly Media Inc.,MVY.V
Morguard Corporation,MRC.TO
Morguard North American Residential Real Estate Investment Trust,MRG-UN.TO
Morguard Real Estate Investment Trust,MRT-UN.TO
MORGUARD REIT 4.85 PCT DEBS,MRT-DBA.TO
Morien Resources Corp.,MOX.V
Mosaic Minerals Corp.,MOC.CN
Moss Genomics Inc.,MOSS.CN
Mount Logan Capital Inc.,MLC.NE
Mountain Province Diamonds Inc.,MPVD.TO
Mountain Valley MD Holdings Inc.,MVMD.CN
MTB Metals Corp.,MTB.V
MTY Food Group Inc.,MTY.TO
Mullen Group Ltd.,MTL.TO
Mulvihill S Split Corp.,SBN.TO
Mundoro Capital Inc.,MUN.V
Murchison Minerals Ltd.,MUR.V
Musk Metals Corp.,MUSK.CN
MustGrow Biologics Corp.,MGRO.V
Muzhu Mining Ltd.,MUZU.CN
MX Gold Corp.,MXL-H.V
Mydecine Innovations Group Inc.,MYCO.NE
MYND Life Sciences Inc.,MYND.CN
Myriad Uranium Corp.,M.CN
Nabati Foods Global Inc.,MEAL.CN
NameSilo Technologies Corp.,URL.CN
Namibia Critical Metals Inc.,NMI.V
NamSys Inc.,CTZ.V
Nanalysis Scientific Corp.,NSCI.V
Nano One Materials Corp.,NANO.TO
NanoSphere Health Sciences Inc.,NSHS.CN
NanoXplore Inc.,GRA.TO
Nation Gold Corp.,NATN.CN
National Bank of Canada,NA.TO
NAVCO Pharmaceuticals Inc.,NAV.V
nDatalyze Corp.,NDAT.CN
Neighbourly Pharmacy Inc.,NBLY.TO
NEO Battery Materials Ltd.,NBM.V
Neo Performance Materials Inc.,NEO.TO
Nepra Foods Inc.,NPRA.CN
Neptune Digital Assets Corp.,NDA.V
Nerds on Site Inc.,NERD.CN
NervGen Pharma Corp.,NGEN.V
"Netflix, Inc.",NFLX.NE
NetraMark Holdings Inc.,AIAI.CN
Network Media Group Inc.,NTE.V
NeuPath Health Inc.,NPTH.V
NeutriSci International Inc.,NU.V
Nevada Copper Corp.,NCU.TO
Nevada Exploration Inc.,NGE.V
Nevada King Gold Corp.,NKG.V
Nevada Lithium Resources Inc.,NVLH.CN
Nevada Organic Phosphate Inc.,NOP.CN
Nevada Sunrise Metals Corporation,NEV.V
Nevada Zinc Corporation,NZN.V
NevGold Corp.,NAU.V
Nevis Brands Inc.,NEVI.CN
New Age Metals Inc.,NAM.V
New Break Resources Ltd.,NBRK.CN
New Destiny Mining Corp.,NED.V
New Energy Metals Corp.,ENRG.V
New Found Gold Corp.,NFG.V
New Frontier Ventures Inc.,VFI-X.CN
New Gold Inc.,NGD.TO
New Leaf Ventures Inc,NLV.CN
New Pacific Metals Corp.,NUAG.TO
New Stratus Energy Inc.,NSE.V
New Wave Holdings Corp.,SPOR.CN
New Zealand Energy Corp.,NZ.V
Newcore Gold Ltd.,NCAU.V
Newcrest Mining Limited,NCM.TO
Newfoundland Discovery Corp.,NEWD.CN
Newlox Gold Ventures Corp.,LUX.CN
Newmont Corporation,NGT.TO
NewOrigin Gold Corp.,NEWO.V
Newpath Resources Inc.,PATH.CN
Newport Exploration Ltd.,NWX.V
Newtopia Inc.,NEWU.V
NEXE Innovations Inc.,NEXE.V
Nexera Energy Inc.,NGY.V
NexGen Energy Ltd.,NXE.TO
NexgenRx Inc.,NXG.V
NexLiving Communities Inc.,NXLV.V
NexOptic Technology Corp.,NXO.V
Next Hydrogen Solutions Inc.,NXH.V
NexTech AR Solutions Corp.,NTAR.CN
Nextgen Food Robotics Corp.,NGRB.NE
Nextleaf Solutions Ltd.,OILS.CN
NextSource Materials Inc.,NEXT.TO
Nexus Gold Corp.,NXS.V
Nexus Industrial REIT,NXR-UN.TO
NFI GROUP INC SUB RCT,NFI-R.TO
NFI Group Inc.,NFI.TO
NFT Technologies Inc.,NFT.NE
NG Energy International Corp.,GASX.V
NGEx Minerals Ltd.,NGEX.V
NiCAN Limited,NICN.V
Nickel 28 Capital Corp.,NKL.V
Nickel Creek Platinum Corp.,NCP.TO
Nickel North Exploration Corp.,NNX.V
Nicola Mining Inc.,NIM.V
Nighthawk Gold Corp.,NHK.TO
"NIKE, Inc.",NKE.NE
Nine Mile Metals Ltd.,NINE.CN
Nio Strategic Metals Inc.,NIO.V
Niobay Metals Inc.,NBY.V
NioCorp Developments Ltd.,NB.TO
Nirvana Life Sciences Inc.,NIRV.CN
NOA Lithium Brines Inc.,NOAL.V
Nobel Resources Corp.,NBLC.V
Noble Iron Inc.,NIR-H.V
Noble Metal Group Incorporated,NMG-H.V
Noble Mineral Exploration Inc.,NOB.V
Noram Lithium Corp.,NRM.V
Norden Crown Metals Corp.,NOCR.V
Norris Lithium Inc.,CHCK.CN
Norrland Gold Corp.,NORR.V
Norseman Silver Inc.,NOC.V
Norsemont Mining Inc.,NOM.CN
Nortec Minerals Corp.,NVT.V
North American Construction Group Ltd.,NOA.TO
North American Financial 15 Split Corp,FFN-PA.TO
North American Financial 15 Split Corp.,FFN.TO
North Arrow Minerals Inc.,NAR.V
North Peak Resources Ltd.,NPR.V
North Valley Resources Ltd.,NVR.CN
Northcliff Resources Ltd.,NCF.TO
Northern Dynasty Minerals Ltd.,NDM.TO
Northern Graphite Corporation,NGC.V
Northern Lights Resources Corp.,NLR.CN
Northern Shield Resources Inc.,NRN.V
Northern Superior Resources Inc.,SUP.V
Northern Uranium Corp.,UNO-H.V
NorthIsle Copper and Gold Inc.,NCX.V
Northland Power Inc,NPI-PB.TO
Northland Power Inc.,NPI.TO
Northstar Clean Technologies Inc.,ROOF.V
NorthStar Gaming Holdings Inc.,BET.V
Northstar Gold Corp.,NSG.CN
Northview Canadian High Yield Residential Fund,NHF-UN.TO
NorthWest Copper Corp.,NWST.V
NorthWest Healthcare Properties Real Estate Investment Trust,NWH-UN.TO
Nouveau Monde Graphite Inc.,NOU.V
Nova Cannabis Inc.,NOVC.TO
Nova Leap Health Corp.,NLH.V
Nova Lithium Corp.,NVLI.CN
Nova Mentis Life Science Corp.,NOVA.CN
Nova Royalty Corp.,NOVR.V
NovaGold Resources Inc.,NG.TO
Novo Resources Corp.,NVO.TO
Novra Technologies Inc.,NVI.V
NowVertical Group Inc.,NOW.V
NTG Clarity Networks Inc.,NCI.V
Nubeva Technologies Ltd.,NBVA.V
Nubian Resources Ltd.,NBR.V
Nuclear Fuels Inc.,NF.CN
NuGen Medical Devices Inc.,NGMD.V
Nuinsco Resources Limited,NWI.CN
NuLegacy Gold Corporation,NUG.V
Numinus Wellness Inc.,NUMI.TO
Nuran Wireless Inc.,NUR.CN
NurExone Biologic Inc.,NRX.V
Nutrien Ltd.,NTR.TO
Nuvei Corporation,NVEI.TO
NuVista Energy Ltd.,NVA.TO
NV Gold Corporation,NVX.V
NVIDIA Corporation,NVDA.NE
NXT Energy Solutions Inc.,SFD.TO
O2Gold Inc.,OTGO-H.V
O3 Mining Inc.,OIII.V
Oberon Uranium Corp.,OBRN.CN
Obsidian Energy Ltd.,OBE.TO
Ocean Shore Capital Corp.,OCAP-P.V
OceanaGold Corporation,OGC.TO
Oceanic Iron Ore Corp.,FEO.V
Oceanic Wind Energy Inc.,NKW-H.V
Oceansix Future Paths Ltd.,OSIX.V
"Oculus VisionTech, Inc.",OVT.V
Ocumetics Technology Corp.,OTC.V
Odd Burger Corporation,ODD.V
Odessa Capital Ltd.,ALFA-P.V
Odyssey Resources Limited,ODX-H.V
Olive Resource Capital Inc.,OC.V
Olivut Resources Ltd.,OLV.V
Olympia Financial Group Inc.,OLY.TO
Omai Gold Mines Corp.,OMG.V
Omega Pacific Resources Inc.,OMGA.CN
Omineca Mining and Metals Ltd.,OMM.V
Omni-Lite Industries Canada Inc.,OML.V
Oncolytics Biotech Inc.,ONC.TO
One World Lithium Inc.,OWLI.CN
OneSoft Solutions Inc.,OSS.V
Onex Corporation,ONEX.TO
Onyx Gold Corp.,ONYX.V
OOOOO Entertainment Commerce Limited,OOOO.V
Open Text Corporation,OTEX.TO
Ophir Gold Corp.,OPHR.V
Opsens Inc.,OPS.TO
Optimi Health Corp.,OPTI.CN
Optimind Pharma Corp.,OMND.CN
Optimum Ventures Ltd.,OPV.V
Optiva Inc.,OPT.TO
Opus One Gold Corporation,OOR.V
Oracle Energy Corp.,OEC-H.V
Orbit Garant Drilling Inc.,OGD.TO
Orca Energy Group Inc.,ORC-B.V
Orea Mining Corp.,OREA.TO
Orecap Invest Corp.,OCI.V
Orestone Mining Corp.,ORS.V
Orex Minerals Inc.,REX.V
Orezone Gold Corporation,ORE.TO
Orford Mining Corporation,ORM.V
Organic Potash Corporation,OPC.CN
Organigram Holdings Inc.,OGI.TO
Organto Foods Inc.,OGO.V
Origen Resources Inc.,ORGN.CN
Orla Mining Ltd.,OLA.TO
Oroco Resource Corp.,OCO.V
Orogen Royalties Inc.,OGN.V
Orosur Mining Inc.,OMI.V
Orvana Minerals Corp.,ORV.TO
Osino Resources Corp.,OSI.V
Osisko Development Corp,ODV-WT.V
Osisko Development Corp.,ODV.V
Osisko Gold Royalties Ltd,OR.TO
Osisko Metals Incorporated,OM.V
Osisko Mining Inc.,OSK.TO
Ostrom Climate Solutions Inc.,COO.V
Outback Goldfields Corp.,OZ.V
Outcrop Silver & Gold Corporation,OCG.V
Ovation Science Inc.,OVAT.CN
OverActive Media Corp.,OAM.V
Ovintiv Inc.,OVV.TO
Oz Lithium Corporation,OZLI.CN
P2 Gold Inc.,PGLD.V
P2Earn Inc.,PXE.CN
Pacific Bay Minerals Ltd.,PBM.V
Pacific Booker Minerals Inc.,BKM.V
Pacific Ridge Exploration Ltd.,PEX.V
Palamina Corp.,PA.V
Palisades Goldcorp Ltd.,PALI.V
Palladium One Mining Inc.,PDM.V
Pambili Natural Resources Corporation,PNN.V
Pampa Metals Corporation,PM.CN
Pan American Energy Corp.,PNRG.CN
Pan American Silver Corp.,PAAS.TO
Pan Global Resources Inc.,PGZ.V
Pangea Natural Foods Inc.,PNGA.CN
Pangenomic Health Inc.,NARA.CN
Pangolin Diamonds Corp.,PAN.V
Panoro Minerals Ltd.,PML.V
Pantera Silver Corp.,PNTR.V
Paramount Resources Ltd.,POU.TO
ParcelPal Logistics Inc.,PKG.CN
Parex Resources Inc.,PXT.TO
Park Lawn Corporation,PLC.TO
Parkit Enterprise Inc.,PKT.V
Parkland Corporation,PKI.TO
Partners Value Investments LP,PVF-UN.V
Partners Value Split Corp,PVS-PF.TO
Partners Value Split Corp.,PVS-PI.TO
Parvis Invest Inc.,PVIS.V
Pasofino Gold Limited,VEIN.V
Pason Systems Inc.,PSI.TO
Patagonia Gold Corp.,PGDC.V
Pathfinder Ventures Inc.,RV.V
Patriot Battery Metals Inc.,PMET.V
Patriot Gold Corp.,PGOL.CN
Payfare Inc.,PAY.TO
"PayPal Holdings, Inc.",PYPL.NE
Peak Discovery Capital Ltd.,HE-H.V
Pedro Resources Ltd.,VBN.CN
Pegasus Resources Inc.,PEGA.V
Pegmatite One Lithium and Gold Corp.,PGA.CN
Pelangio Exploration Inc.,PX.V
Peloton Minerals Corporation,PMC.CN
Pembina Pipeline Corporation,PPL.TO
Pembina Pipeline Corporation CUM PFD SER A 21,PPL-PFA.TO
Pender Growth Fund Inc.,PTF.V
Pender Street Capital Corp.,PCP-P.V
Pentagon I Capital Corp.,PNTI-P.V
"Perimeter Medical Imaging AI, Inc.",PINK.V
Perk Labs Inc.,PERK.CN
Permex Petroleum Corporation,OIL.CN
Perpetua Resources Corp.,PPTA.TO
Perpetual Energy Inc.,PMT.TO
Perseus Mining Limited,PRU.TO
Personas Social Incorporated,PRSN.V
Peruvian Metals Corp.,PER.V
PesoRama Inc,PESO-WT.V
PesoRama Inc.,PESO.V
Pet Valu Holdings Ltd.,PET.TO
Petrichor Energy Inc.,PTP-H.V
PetroFrontier Corp.,PFC.V
Petrolympic Ltd.,PCQ.V
PetroTal Corp.,TAL.TO
Petro-Victory Energy Corp.,VRY.V
Petrox Resources Corp.,PTC.V
Petrus Resources Ltd.,PRQ.TO
Peyto Exploration & Development Corp.,PEY.TO
Pfizer Inc.,PFE.NE
PharmaCielo Ltd.,PCLO.V
Pharmadrug Inc.,PHRX.CN
Pharmala Biotech Holdings Inc.,MDMA.CN
PharmaTher Holdings Ltd.,PHRM.CN
Phenom Resources Corp.,PHNM.V
PHX Energy Services Corp.,PHX.TO
Picton Mahoney Tactical Income Fund,PMB-UN.TO
Pieridae Energy Limited,PEA.TO
PIMCO Global Income Opportunities Fund,PGI-UN.TO
PIMCO Tactical Income Fund,PTI-UN.TO
PIMCO Tactical Income Opportunities Fund,PTO-UN.TO
Pine Cliff Energy Ltd.,PNE.TO
Pine Trail Real Estate Investment Trust,PINE-UN.V
Pinetree Capital Ltd.,PNP.TO
Pioneering Technology Corp.,PTE.V
Pipestone Energy Corp.,PIPE.TO
Pivotree Inc.,PVT.V
Pizza Pizza Royalty Corp.,PZA.TO
PJX Resources Inc.,PJX.V
Planet 13 Holdings Inc.,PLTH.CN
Planet Based Foods Global Inc.,PBF.CN
"Planet Ventures, Inc.",PXI.V
Plant Veda Foods Ltd.,MILK.CN
Plantable Health Inc.,PLBL.NE
PlantFuel Life Inc.,FUEL.CN
"Plantify Foods, Inc.",PTFY.V
PlantX Life Inc.,VEGA.CN
Plascred Circular Innovations Inc.,PLAS.CN
Plata Latina Minerals Corporation,PLA.V
Platinex Inc.,PTX.CN
Platinum Group Metals Ltd.,PTM.TO
Plato Gold Corp.,PGC.V
Playfair Mining Ltd.,PLY.V
Playgon Games Inc.,DEAL.V
Playground Ventures Inc.,PLAY.CN
Playmaker Capital Inc.,PMKR.V
Plaza Retail REIT,PLZ-UN.TO
Pluribus Technologies Corp.,PLRB.V
Plurilock Security Inc.,PLUR.V
POET Technologies Inc.,PTK.V
Polaris Renewable Energy Inc.,PIF.TO
Pollard Banknote Limited,PBL.TO
PolyMet Mining Corp.,POM.TO
Pond Technologies Holdings Inc.,POND.V
Pool Safe Inc.,POOL.V
PopReach Corporation,POPR.V
Portofino Resources Inc.,POR.V
POSaBIT Systems Corporation,PBIT.CN
Postmedia Network Canada Corp.,PNC-B.TO
Power Corporation of Canada,POW.TO
Power Financial Corp,PWF-PH.TO
Power Group Projects Corp.,PGP.V
Power Metals Corp.,PWM.V
Power Nickel Inc.,PNPN.V
PowerBand Solutions Inc.,PBX.V
Powerstone Metals Corp.,PS.CN
Powertap Hydrogen Capital Corp.,MOVE.NE
POWR Lithium Corp.,POWR.CN
PPX Mining Corp.,PPX.V
Prairie Provident Resources Inc.,PPR.TO
PrairieSky Royalty Ltd.,PSK.TO
Precious Metals and Mining Trust,MMP-UN.TO
Precipitate Gold Corp.,PRG.V
Precision Drilling Corporation,PD.TO
Predictmedix AI Inc.,PMED.CN
Premier Health of America Inc.,PHA.V
Premium Brands Holdings Corporation,PBH.TO
Premium Income Corp,PIC-PA.TO
Premium Income Corporation,PIC-A.TO
Premium Nickel Resources Ltd.,PNRL.V
PreveCeutical Medical Inc.,PREV.CN
Primaris Real Estate Investment Trust,PMZ-UN.TO
Prime Dividend Corp,PDV-PA.TO
Prime Dividend Corp.,PDV.TO
Prime Drink Group Corp.,PRME.CN
Prime Mining Corp.,PRYM.V
Primo Water Corporation,PRMW.TO
Prismo Metals Inc.,PRIZ.CN
Pro Real Estate Investment Trust,PRV-UN.TO
Probe Gold Inc.,PRB.TO
Profound Medical Corp.,PRN.TO
Progressive Planet Solutions Inc.,PLAN.V
ProntoForms Corporation,PFM.V
Propel Holdings Inc.,PRL.TO
Prophecy DeFi Inc.,PDFI.CN
Prospect Ridge Resources Corp.,PRR.CN
Prospector Metals Corp.,PPP.V
Prosper Gold Corp.,PGX.V
Prospera Energy Inc.,PEI.V
ProStar Holdings Inc.,MAPS.V
Provenance Gold Corp.,PAU.CN
Providence Gold Mines Inc.,PHD.V
Prudent Minerals Corp.,PRUD.CN
PsyBio Therapeutics Corp.,PSYB.V
Psyched Wellness Ltd.,PSYC.CN
Psyence Group Inc.,PSYG.CN
Pucara Gold Ltd.,TORO.V
PUDO Inc.,PDO.CN
Pulse Oil Corp.,PUL.V
Pulse Seismic Inc.,PSD.TO
Puma Exploration Inc.,PUMA.V
Puranium Energy Ltd.,UX.CN
Pure Energy Minerals Limited,PE.V
Pure to Pure Beauty Inc.,PPB.CN
Purepoint Uranium Group Inc.,PTU.V
Pushfor Tech Inc.,PUSH.CN
PUTNAM SUSTAINABLE LEADERS ETF,BN-PFD.TO
PyroGenesis Canada Inc.,PYR.TO
Q Battery Metals Corp.,QMET.CN
Q2 Metals Corp.,QTWO.V
Q4 Inc.,QFOR.TO
QC Copper and Gold Inc.,QCCU.V
QcX Gold Corp.,QCX.V
Q-Gold Resources Ltd.,QGR.V
QMC Quantum Minerals Corp,QMC.V
Quadro Resources Ltd.,QRO.V
Quantum Battery Metals Corp.,QBAT.CN
Quantum eMotion Corp.,QNC.V
Quarterhill Inc.,QTRH.TO
Quartz Mountain Resources Ltd.,QZM.V
Quebec Innovative Materials Corp.,QIMC.CN
Québec Nickel Corp.,QNI.CN
Quebec Precious Metals Corporation,QPM.V
Quebecor Inc.,QBR-B.TO
Queen's Road Capital Investment Ltd.,QRC.TO
Quest PharmaTech Inc.,QPT.V
Questerre Energy Corporation,QEC.TO
Questor Technology Inc.,QST.V
Quinsam Capital Corporation,QCA.CN
Quipt Home Medical Corp.,QIPT.TO
"Quisitive Technology Solutions, Inc.",QUIS.V
Quizam Media Corporation,QQ.CN
Quorum Information Technologies Inc.,QIS.V
Quri-Mayu Developments Ltd.,QURI.V
QYOU Media Inc.,QYOU.V
R&R Real Estate Investment Trust,RRR-UN.V
Rackla Metals Inc.,RAK.V
Radial Research Corp.,RAD.CN
Radio Fuels Energy Corp,CAKE-WT.CN
Radio Fuels Energy Corp.,CAKE.CN
Radisson Mining Resources Inc.,RDS.V
Radius Gold Inc.,RDU.V
Railtown AI Technologies Inc.,RAIL.CN
Railtown Capital Corp.,RLT-P.V
Rakovina Therapeutics Inc.,RKV.V
Rapid Dose Therapeutics Corp.,DOSE.CN
Ravensource Fund,RAV-UN.TO
Razor Energy Corp.,RZE.V
"RB Global, Inc.",RBA.TO
RDARS Inc.,RDRS.CN
RE Royalties Ltd.,RE.V
Real Estate Split Corp.,RS.TO
Real Luck Group Ltd.,LUCK.V
Real Matters Inc.,REAL.TO
Recharge Resources Ltd.,RR.CN
Reco International Group Inc.,RGI.V
Reconnaissance Energy Africa Ltd.,RECO.V
RecycLiCo Battery Materials Inc.,AMY.V
Red Lake Gold Inc.,RGLD.CN
Red Light Holland Corp.,TRIP.CN
Red Pine Exploration Inc.,RPX.V
Red White & Bloom Brands Inc.,RWB.CN
RediShred Capital Corp.,KUT.V
Refined Metals Corp.,RMC.CN
Reflex Advanced Materials Corp.,RFLX.CN
ReGen III Corp.,GIII.V
Regency Silver Corp.,RSMX.V
Regenx Tech Corp.,RGX.CN
Regulus Resources Inc.,REG.V
Reitmans (Canada) Limited,RET.V
Reklaim Ltd.,MYID.V
Reko International Group Inc.,REKO.V
Relevant Gold Corp.,RGC.V
Reliq Health Technologies Inc.,RHT.V
Renegade Gold Inc.,RAGE.V
Renforth Resources Inc.,RFR.CN
RepliCel Life Sciences Inc.,RP.V
RESAAS Services Inc.,RSS.V
Resouro Gold Inc.,RAU.V
Restaurant Brands International Inc.,QSR.TO
Restaurant Brands International Limited Partnership,QSP-UN.TO
Resverlogix Corp.,RVX.TO
Reunion Gold Corporation,RGD.V
Revival Gold Inc.,RVG.V
Revive Therapeutics Ltd.,RVV.CN
RevoluGROUP Canada Inc.,REVO.V
ReVolve Renewable Power Corp.,REVV.V
Rex Resources Corp.,OWN.V
Reyna Gold Corp.,REYG.V
Reyna Silver Corp.,RSLV.V
RF Capital Group Inc.,RCG.TO
Richards Packaging Income Fund,RPI-UN.TO
Richelieu Hardware Ltd.,RCH.TO
Richmond Minerals Inc.,RMD.V
Ridgeline Minerals Corp.,RDG.V
Ridgestone Mining Inc.,RMI.V
Ridgewood Canadian Investment Grade Bond Fund,RIB-UN.TO
Right Season Investments Corp.,LITT.V
Riley Gold Corp.,RLYG.V
Rio Silver Inc.,RYO.V
Rio2 Limited,RIO.V
RioCan Real Estate Investment Trust,REI-UN.TO
Rise Gold Corp.,RISE.CN
RIV Capital Inc.,RIV.CN
Rivalry Corp.,RVLY.V
Riverside Resources Inc.,RRI.V
RIWI Corp.,RIWI.V
RJK Explorations Ltd.,RJX-A.V
Robex Resources Inc.,RBX.V
Rochester Resources Ltd.,RCT.V
Rock Edge Resources Ltd.,REDG.CN
Rock Tech Lithium Inc,RCK-WT.V
Rock Tech Lithium Inc.,RCK.V
Rockcliff Metals Corporation,RCLF.CN
Rockhaven Resources Ltd.,RK.V
Rockland Resources Ltd.,RKL.CN
Rockridge Resources Ltd.,ROCK.V
Rocky Mountain Liquor Inc.,RUM.V
Rogers Communications Inc.,RCI-A.TO
Rogers Sugar Inc.,RSI.TO
Rogue Resources Inc.,RRS.V
ROK Resources Inc,ROK-WT.V
ROK Resources Inc.,ROK.V
Rokmaster Resources Corp.,RKR.V
Romios Gold Resources Inc.,RG.V
Roots Corporation,ROOT.TO
Roscan Gold Corporation,ROS.V
Ross River Minerals Inc.,RRM-H.V
Route1 Inc.,ROI.V
Rover Metals Corp.,ROVR.V
Royal Bank of Canada,RY.TO
Royal Helium Ltd.,RHC.V
Royal Road Minerals Limited,RYR.V
Royalties Inc.,RI.CN
RT Minerals Corp,RTM.V
RTG Mining Inc.,RTG.TO
Rubellite Energy Inc.,RBY.TO
Rubicon Organics Inc.,ROMJ.V
Rugby Resources Ltd.,RUG.V
Rupert Resources Ltd.,RUP.TO
Rush Rare Metals Corp.,RSH.CN
Rusoro Mining Ltd.,RML.V
Russel Metals Inc.,RUS.TO
Russell Australia High Dividend,ENB-PFE.TO
S Split Corp,SBN-PA.TO
S&P SmallCap 600 GARP Index (US,AI-DBG.TO
S2 Minerals Inc.,STWO.CN
Sabio Holdings Inc.,SBIO.V
Sable Resources Ltd.,SAE.V
Sabre Gold Mines Corp.,SGLD.TO
Sage Potash Corp.,SAGE.V
Sagen MI Canada Inc.,MIC-PA.TO
Sagicor Financial Company Ltd.,SFC.TO
Sailfish Royalty Corp.,FISH.V
Salazar Resources Limited,SRL.V
"Salesforce, Inc.",CRM.NE
Salona Global Medical Device Corporation,SGMD.V
Sama Resources Inc.,SME.V
San Lorenzo Gold Corp.,SLG.V
Sanatana Resources Inc.,STA.V
Sandfire Resources America Inc.,SFR.V
Sandstorm Gold Ltd.,SSL.TO
Sangoma Technologies Corporation,STC.TO
Santacruz Silver Mining Ltd.,SCZ.V
Sanu Gold Corp.,SANU.CN
Saputo Inc.,SAP.TO
Sarama Resources Ltd,SWA.V
Sassy Gold Corp.,SASY.CN
Satellos Bioscience Inc.,MSCL.V
SATO Technologies Corp.,SATO.V
Saturn Oil & Gas Inc.,SOIL.TO
Savaria Corporation,SIS.TO
Saville Resources Inc.,SRE.V
Scandium International Mining Corp.,SCY.TO
Scope Carbon Corp.,SCPE.CN
Scotch Creek Ventures Inc.,SCV.CN
Scottie Resources Corp.,SCOT.V
Scryb Inc.,SCYB.CN
Seabridge Gold Inc.,SEA.TO
Seahawk Gold Corp.,SEAG.CN
Search Minerals Inc.,SMY.V
Searchlight Resources Inc.,SCLT.V
Secure Energy Services Inc.,SES.TO
Sego Resources Inc.,SGZ.V
Sekur Private Data Ltd.,SKUR.CN
Select Sands Corp.,SNS.V
Sensible Meats Inc.,HOTD.NE
Sensor Technologies Corp.,SENS.CN
Sentry Select Primary Metals Corp.,PME.TO
Serabi Gold plc,SBI.TO
Sernova Corp.,SVA.TO
Serrano Resources Ltd.,SC-H.V
ShaMaran Petroleum Corp.,SNM.V
Sharc International Systems Inc.,SHRC.CN
Shawcor Ltd.,MATR.TO
Shellron Capital Ltd.,SHLL-P.V
Sherritt International Corporation,S.TO
Shine Minerals Corp.,SMR-H.V
Shiny Health & Wellness Corp.,SNYB.V
Shoal Point Energy Ltd.,SHP.CN
Shopify Inc.,SHOP.TO
Showcase Minerals Inc.,SHOW.CN
Sienna Resources Inc.,SIE.V
Sienna Senior Living Inc.,SIA.TO
Sierra Madre Gold and Silver Ltd.,SM.V
Sierra Metals Inc.,SMT.TO
Sigma Lithium Corporation,SGML.V
Signal Gold Inc.,SGNL.TO
Signature Resources Ltd.,SGU.V
Silo Wellness Inc.,SILO.CN
"Silver Bull Resources, Inc.",SVB.TO
Silver Bullet Mines Corp.,SBMI.V
Silver Dollar Resources Inc.,SLV.CN
Silver Elephant Mining Corp.,ELEF.TO
Silver Grail Resources Ltd.,SVG.V
Silver Hammer Mining Corp.,HAMR.CN
Silver Mountain Resources Inc.,AGMR.V
Silver One Resources Inc.,SVE.V
Silver Predator Corp.,SPD.V
Silver Range Resources Ltd.,SNG.V
Silver Sands Resources Corp.,SAND.CN
Silver Spruce Resources Inc.,SSE.V
Silver Tiger Metals Inc.,SLVR.V
Silver Valley Metals Corp.,SILV.V
Silver Viper Minerals Corp.,VIPR.V
Silver Wolf Exploration Ltd.,SWLF.V
Silver X Mining Corp.,AGX.V
Silvercorp Metals Inc.,SVM.TO
SilverCrest Metals Inc.,SIL.TO
Silverfish Resources Inc.,SF.CN
Simply Better Brands Corp.,SBBC.V
Sintana Energy Inc,SEI-WT.V
Sintana Energy Inc.,SEI.V
SiQ Mountain Industries Inc.,SIQ-H.V
SIR Royalty Income Fund,SRV-UN.TO
Sirios Resources Inc.,SOI.V
Sirona Biochem Corp.,SBM.V
Sitka Gold Corp.,SIG.CN
Sixth Wave Innovations Inc.,SIXW.CN
Sixty North Gold Mining Ltd.,SXTY.CN
Sixty Six Capital Inc.,SIX.CN
Skeena Resources Limited,SKE.TO
SKRR Exploration Inc.,SKRR.V
Sky Gold Corp.,SKYG.V
Skyharbour Resources Ltd.,SYH.V
Slam Exploration Ltd.,SXL.V
SLANG Worldwide Inc.,SLNG.CN
Slate Grocery REIT,SGR-UN.TO
Slate Office REIT,SOT-UN.TO
Slave Lake Zinc Corp.,SLZ.CN
Sleep Country Canada Holdings Inc.,ZZZ.TO
Sleeping Giant Capital Corporation,SSX-P.V
Small Pharma Inc.,DMT.V
SmartCentres Real Estate Investment Trust,SRU-UN.TO
SNC-Lavalin Group Inc.,SNC.TO
Snowline Gold Corp.,SGD.V
Softchoice Corporation,SFTC.TO
Sokoman Minerals Corp.,SIC.V
SOL Global Investments Corp.,SOL.CN
Solar Alliance Energy Inc.,SOLR.V
SolarBank Corporation,SUNN.CN
Solaris Resources Inc.,SLS.TO
Solarvest BioEnergy Inc.,SVS.V
SolGold Plc,SOLG.TO
Solis Minerals Ltd.,SLMN.V
Solitario Resources Corp.,SLR.TO
Solstice Gold Corp.,SGC.V
Solution Financial Inc.,SFI.TO
Solvbl Solutions Inc.,SOLV.CN
Soma Gold Corp.,SOMA.V
Sona Nanotech Inc.,SONA.CN
Sonoran Desert Copper Corporation,SDCU.V
Sonoro Energy Ltd.,SNV-H.V
Sonoro Gold Corp.,SGO.V
SOPerior Fertilizer Corp.,SOP-H.V
Sorrento Resources Ltd.,SRS.CN
Source Energy Services Ltd.,SHLE.TO
Source Rock Royalties Ltd,SRR-WT.V
Source Rock Royalties Ltd.,SRR.V
South Atlantic Gold Inc.,SAO.V
South Star Battery Metals Corp.,STS.V
Southern Arc Minerals Inc.,SA-H.V
Southern Empire Resources Corp.,SMP.V
Southern Energy Corp.,SOU.V
Southern Silver Exploration Corp.,SSV.V
SouthGobi Resources Ltd.,SGQ.V
Southstone Minerals Limited,SML.V
Spacefy Inc.,SPFY.CN
Spanish Mountain Gold Ltd.,SPA.V
Sparc AI Inc,SPAI.CN
Spark Energy Minerals Inc.,EMIN.CN
Spark Power Group Inc.,SPG.TO
SPARQ Systems Inc.,SPRQ.V
Sparta Capital Ltd.,SAY.V
Spartan Delta Corp.,SDE.TO
Sparton Resources Inc.,SRI.V
Sparx Technology Inc.,SPRX.V
SPC Nickel Corp.,SPC.V
Spearmint Resources Inc.,SPMT.CN
Spectra Products Inc.,SSA.V
Spectra7 Microsystems Inc.,SEV.V
Spectral Medical Inc.,EDT.TO
Spectre Capital Corp.,SOO-P.V
Spetz Inc.,SPTZ.CN
Spey Resources Corp.,SPEY.CN
Spin Master Corp.,TOY.TO
Spirit Blockchain Capital Inc.,SPIR.CN
Spod Lithium Corp.,SPOD.CN
Spot Coffee (Canada) Ltd.,SPP.V
"SpotLite360 IOT Solutions, Inc.",LITE.CN
Sprott Inc.,SII.TO
Sprott Physical Gold and Silver Trust,CEF.TO
Sprott Physical Gold Trust,PHYS-U.TO
Sprott Physical Platinum & Palladium Tr,SPPP-U.TO
Sprott Physical Platinum and Palladium Trust,SPPP.TO
Sprott Physical Uranium Trust Fund,U-U.TO
Spruce Ridge Resources Ltd.,SHL.V
SRG Mining Inc.,SRG.V
SSC Security Services Corp.,SECU.V
SSR Mining Inc.,SSRM.TO
St. Augustine Gold and Copper Limited,SAU.TO
St. Davids Capital Inc.,SDCI-P.V
St. James Gold Corp.,LORD.V
Stack Capital Group Inc.,STCK.TO
StageZero Life Sciences Ltd.,SZLS.TO
Stakeholder Gold Corp.,SRC.V
Stallion Discoveries Corp.,STUD.V
Stampede Drilling Inc.,SDI.V
Stamper Oil & Gas Corp.,STMP.V
Standard Lithium Ltd.,SLI.V
Standard Mercantile Acquisition Corp.,SMA.TO
Standard Uranium Ltd.,STND.V
Stans Energy Corp.,HRE-H.V
Stantec Inc.,STN.TO
Star Diamond Corporation,DIAM.TO
Star Navigation Systems Group Ltd.,SNA.CN
Star Royalties Ltd.,STRR.V
Starbucks Corporation,SBUX.NE
Starcore International Mines Ltd.,SAM.TO
Starlight U.S. Multi-Family (No. 2) Core Plus Fund,SCPT-A.V
Starlight U.S. Residential Fund,SURF-A.V
Starr Peak Mining Ltd.,STE.V
StateHouse Holdings Inc.,STHZ.CN
Steadright Critical Minerals Inc.,SCM.CN
Stearman Resources Inc,STMN.CN
Steer Technologies Inc.,STER.V
Stelco Holdings Inc.,STLC.TO
Stella-Jones Inc.,SJ.TO
Stellar AfricaGold Inc.,SPX.V
Stelmine Canada Ltd.,STH.V
"Stem Holdings, Inc.",STEM.CN
STEP Energy Services Ltd.,STEP.TO
Steppe Gold Ltd.,STGO.TO
Sterling Metals Corp.,SAG.V
St-Georges Eco-Mining Corp.,SX.CN
Stillwater Critical Minerals Corp.,PGE.V
Stinger Resources Inc.,STNG.V
Stingray Group Inc.,RAY-A.TO
Stock Trend Capital Inc.,PUMP.CN
StorageVault Canada Inc.,SVI.TO
Storm Exploration Inc.,STRM.V
Stratabound Minerals Corp.,SB.V
Strategic Metals Ltd.,SMD.V
Strategic Minerals Europe Corp.,SNTA.NE
Strategic Resources Inc.,SR.V
StrategX Elements Corp.,STGX.CN
Strathmore Plus Uranium Corp.,SUU.V
Stria Lithium Inc.,SRA.V
StrikePoint Gold Inc.,SKP.V
Stroud Resources Ltd.,SDR.V
Stuhini Exploration Ltd.,STU.V
Sulliden Mining Capital Inc.,SMC.TO
Summa Silver Corp.,SSVR.V
Sun Life Financial Inc.,SLF.TO
Sun Peak Metals Corp.,PEAK.V
Sun Residential Real Estate Investment Trust,SRES.V
Sun Summit Minerals Corp.,SMN.V
Suncor Energy Inc.,SU.TO
SunOpta Inc.,SOY.TO
Sunshine Agri-Tech Inc.,SAI-H.V
SuperBuzz Inc.,SPZ.V
Superior Mining International Corporation,SUI.V
Superior Plus Corp.,SPB.TO
Supremex Inc.,SXP.TO
Surge Battery Metals Inc.,NILI.V
Surge Copper Corp.,SURG.V
Surge Energy Inc.,SGY.TO
Sustainable Innovation & Health Dividend Fund,SIH-UN.TO
Sustainable Power & Infrastructure Split Corp.,PWI.TO
Sustainable Real Estate Dividend Fund,MSRE-UN.TO
Swarmio Media Holdings Inc.,SWRM.CN
Sweet Earth Holdings Corporation,SE.CN
Swiss Water Decaffeinated Coffee Inc.,SWP.TO
Sylla Gold Corp.,SYG.V
Sylogist Ltd.,SYZ.TO
Symphony Floating Rate Senior Loan Fund,SSF-UN.TO
Synex Renewable Energy Corporation,SXI.TO
T2 Metals Corp.,TWO.V
TAAT Global Alternatives Inc.,TAAT.CN
Tactical Resources Corp.,RARE.CN
TAG Oil Ltd.,TAO.V
Taiga Building Products Ltd.,TBL.TO
Taiga Motors Corporation,TAIG.TO
Tajiri Resources Corp.,TAJ.V
Talisker Resources Ltd.,TSK.TO
Talmora Diamond Inc.,TAI.CN
Talon Metals Corp.,TLO.TO
Tamarack Valley Energy Ltd.,TVE.TO
Tana Resources Corp.,TANA.CN
Tantalex Lithium Resources Corp.,TTX.CN
Tantalus Systems Holding Inc.,GRID.TO
Tarachi Gold Corp.,TRG.CN
Taranis Resources Inc.,TRO.V
Targa Exploration Corp.,TEX.CN
Tarku Resources Ltd.,TKU.V
Tartisan Nickel Corp.,TN.CN
Taseko Mines Limited,TKO.TO
Taura Gold Inc.,TORA.V
Taurus Gold Corp.,TAUR.CN
TC Energy Corp,TRP-PH.TO
TC Energy Corporation,TRP.TO
TDb Split Corp,XTD-PA.TO
TDb Split Corp.,XTD.TO
TDG Gold Corp.,TDG.V
Teako Minerals Corp.,TMIN.CN
Tearlach Resources Limited,TEA.V
Teck Resources Limited,TECK-A.TO
Tecsys Inc.,TCS.TO
Tectonic Metals Inc.,TECT.V
Telesat Corporation,TSAT.TO
Telescope Innovations Corp.,TELI.CN
Telo Genomics Corp.,TELO.V
TELUS Corporation,T.TO
TELUS International (Cda) Inc.,TIXT.TO
Temas Resources Corp.,TMAS.CN
Tempus Resources Limited,TMRR.V
Tenaz Energy Corp.,TNZ.TO
Tenet Fintech Group Inc.,PKK.CN
Tenth Avenue Petroleum Corp.,TPC.V
TeraGo Inc.,TGO.TO
Teras Resources Inc.,TRA.V
Terra Balcanica Resources Corp.,TERA.CN
Terra Firma Capital Corporation,TII.V
Terrace Energy Corp.,TZR-H.V
TerrAscend Corp.,TSND.TO
TerraVest Industries Inc.,TVK.TO
Terreno Resources Corp.,TNO-H.V
"Tesla, Inc.",TSLA.NE
Tesoro Minerals Corp.,TES.V
Tethys Petroleum Limited,TPL.V
Teuton Resources Corp.,TUO.V
Tevano Systems Holdings Inc.,TEVO.CN
TFI International Inc.,TFII.TO
THC Biomed Intl Ltd.,THC.CN
The Bank of Nova Scotia,BNS.TO
The BC Bud Corporation,BCBC.CN
The Becker Milk Company Limited,BEK-B.TO
The Bitcoin Fund,QBTC.TO
The Bitcoin Fund Class A,QBTC-U.TO
The Boeing Company,BA.NE
The Caldwell Partners International Inc.,CWL.TO
The Descartes Systems Group Inc.,DSG.TO
The Ether Fund,QETH-U.TO
The Fresh Factory B.C. Ltd.,FRSH.CN
"The Goldman Sachs Group, Inc.",GS.NE
The Good Flour Corp.,GFCO.CN
The Good Shroom Co Inc.,MUSH.V
The Hash Corporation,REZN.CN
"The Hempshire Group, Inc.",HMPG.V
"The Home Depot, Inc.",HD.NE
"The INX Digital Company, Inc.",INXD.NE
The Keg Royalties Income Fund,KEG-UN.TO
The Limestone Boat Company Limited,BOAT.V
The Lion Electric Company,LEV.TO
The North West Company Inc.,NWC.TO
The Planting Hope Company Inc.,MYLK.V
The Procter & Gamble Company,PG.NE
The Real Brokerage Inc.,REAX.TO
The Tinley Beverage Company Inc.,TNY.CN
The Toronto-Dominion Bank,TD.TO
The Toronto-Dominion Bank 5 YR RST PFD 1,TD-PFA.TO
The Toronto-Dominion Bank NCUM 5Y PFD SR18,TD-PFJ.TO
The Toronto-Dominion Bank PFD SER 5,TD-PFC.TO
The Toronto-Dominion Bank PFD SER 9 3.7%,TD-PFE.TO
The Walt Disney Company,DIS.NE
The Westaim Corporation,WED.V
The Yumy Candy Company Inc.,TYUM.CN
Theralase Technologies Inc.,TLT.V
Theratechnologies Inc.,TH.TO
Therma Bright Inc.,THRM.V
Thermal Energy International Inc.,TMG.V
Thesis Gold Inc.,TAU.V
Think Research Corporation,THNK.V
Thinkific Labs Inc.,THNC.TO
"Thiogenesis Therapeutics, Corp.",TTI.V
Thomson Reuters Corp,TRI-PB.TO
Thomson Reuters Corporation,TRI.TO
Thor Explorations Ltd.,THX.V
Three Sixty Solar Ltd.,VSOL.NE
Three Valley Copper Corp.,TVC-H.V
ThreeD Capital Inc.,IDK.CN
Thunder Gold Corp.,TGOL.V
Thunderbird Entertainment Group Inc.,TBRD.V
Thunderbird Minerals Corp.,BIRD.V
Thunderstruck Resources Ltd.,AWE.V
Tidewater Midstream and Infrastructure Ltd,TWM-WT.TO
Tidewater Midstream and Infrastructure Ltd.,TWM.TO
Tidewater Renewables Ltd.,LCFS.TO
Tier One Capital Limited Partnership,TLP-UN.CN
Tier One Silver Inc.,TSLV.V
Tiidal Gaming Group Corp.,TIDL.CN
Till Capital Corporation,TIL.V
"Tilray Brands, Inc.",TLRY.TO
TILT Holdings Inc.,TILT.NE
Timbercreek Financial Corp.,TF.TO
Timberline Resources Corporation,TBR.V
Tincorp Metals Inc.,TIN.V
Tinka Resources Limited,TK.V
TinOne Resources Inc.,TORC.V
Tintina Mines Limited,TTS.V
Tiny Ltd.,TINY.V
Tisdale Clean Energy Corp.,TCEC.CN
Titan Logix Corp.,TLA.V
Titan Medical Inc.,TMD.TO
Titan Mining Corporation,TI.TO
Titanium Transportation Group Inc.,TTNM.TO
TMX Group Limited,X.TO
TNR Gold Corp.,TNR.V
Tocvan Ventures Corp.,TOC.CN
Toggle3D.ai Inc.,TGGL.CN
Tokens.com Corp.,COIN.NE
TomaGold Corporation,LOT.V
Tombill Mines Limited,TBLL.V
Tony G Co-Investment Holdings Ltd.,TONY.CN
Top 10 Split Trust,TXT-UN.TO
Topaz Energy Corp.,TPZ.TO
Topicus.com Inc.,TOI.V
Torex Gold Resources Inc.,TXG.TO
Tornado Global Hydrovacs Ltd.,TGH.V
Toromont Industries Ltd.,TIH.TO
Torq Resources Inc.,TORQ.V
Torr Metals Inc.,TMET.V
Torrent Capital Ltd.,TORR.V
Torrent Gold Inc.,TGLD.CN
Total Energy Services Inc.,TOT.TO
Total Helium Ltd.,TOH.V
Total Telcom Inc.,TTZ.V
Touchstone Exploration Inc.,TXP.TO
Tourmaline Oil Corp.,TOU.TO
Tower Resources Ltd.,TWR.V
Traction Uranium Corp.,TRAC.CN
Trail Blazer Capital Corp.,TBLZ-P.V
Trail Blazing Ventures Ltd.,BLAZ-P.V
Trailbreaker Resources Ltd.,TBK.V
Trans Canada Gold Corp.,TTG.V
TransAlta Corp,TA-PE.TO
TransAlta Corporation,TA.TO
TransAlta Renewables Inc.,RNW.TO
Transat A.T. Inc.,TRZ.TO
Transatlantic Mining Corp.,TCO.V
Transcontinental Inc.,TCL-A.TO
Transforma Resources Corporation,TFM.V
Transition Metals Corp.,XTM.V
Treasury Metals Inc.,TML.TO
Tree Island Steel Ltd.,TSL.TO
Trees Corporation,TREE.NE
Trench Metals Corp.,TMC.V
Trenchant Capital Corp.,TCC.CN
Tres-Or Resources Ltd.,TRS.V
Tribe Property Technologies Inc.,TRBE.V
Tribeca Resources Corporation,TRBC.V
Trican Well Service Ltd.,TCW.TO
Tricon Residential Inc.,TCN.TO
Trifecta Gold Ltd.,TG.V
Trigon Metals Inc.,TM.V
Trillion Energy International Inc,TCF-WT.CN
Trillion Energy International Inc.,TCF.CN
Trillium Acquisition Corp.,TCK-P.V
Trilogy International Partners Inc.,TRL-H.V
Trilogy Metals Inc.,TMQ.TO
Triple Flag Precious Metals Corp.,TFPM.TO
"TriStar Gold, Inc.",TSG.V
Trisura Group Ltd.,TSU.TO
Triumph Gold Corp.,TIG.V
Troilus Gold Corp.,TLG.TO
Troubadour Resources Inc.,TR.V
Troy Minerals Inc.,TROY.CN
TRU Precious Metals Corp.,TRU.V
True North Commercial Real Estate Investment Trust,TNT-UN.TO
Trulieve Cannabis Corp.,TRUL.CN
TrustBIX Inc.,TBIX.V
TruTrace Technologies Inc.,TTT.CN
TRX Gold Corporation,TNX.TO
Tryp Therapeutics Inc.,TRYP.CN
Tsodilo Resources Limited,TSD.V
Tucows Inc.,TC.TO
Tudor Gold Corp.,TUD.V
"TUGA Innovations, Inc.",TUGA.CN
Tuktu Resources Ltd.,TUK.V
Turmalina Metals Corp.,TBX.V
Turnium Technology Group Inc.,TTGI.V
TUT Fitness Group Inc.,GYM.V
TVA Group Inc.,TVA-B.TO
TVI Pacific Inc.,TVI.V
TWC Enterprises Limited,TWC.TO
Twyford Ventures Inc.,TWY-H.V
Tyner Resources Ltd.,TIP-H.V
"Uber Technologies, Inc.",UBER.NE
Ubique Minerals Limited,UBQ.CN
Ucore Rare Metals Inc.,UCU.V
UGE International Ltd.,UGE.V
Ultra Brands Ltd.,ULTA.CN
Ultra Lithium Inc.,ULT.V
Umdoni Exploration Inc.,UDI.CN
Unidoc Health Corp.,UDOC.CN
Unigold Inc.,UGD.V
Uniserve Communications Corporation,USS.V
Unisync Corp.,UNI.TO
United Corporations Limited,UNC.TO
United Lithium Corp.,ULTH.CN
"United Parcel Service, Inc.",UPS.NE
UnitedHealth Group Inc,UNH.NE
Universal Copper Ltd.,UNV.V
Universal Ibogaine Inc.,IBO.V
Universal PropTech Inc.,UPI-H.V
Uranium Royalty Corp.,URC.TO
Urbana Corporation,URB-A.TO
Urbanfund Corp.,UFC.V
Urbanimmersive Inc.,UI.V
Ur-Energy Inc.,URE.TO
Uriel Gas Holdings Corp.,UGH.CN
US Copper Corp.,USCU.V
US Critical Metals Corp.,USCM.V
US Financial 15 Split Corp,FTU.TO
Usha Resources Ltd.,USHA.V
Val-d'Or Mining Corporation,VZZ.V
Valeo Pharma Inc.,VPH.TO
Valeura Energy Inc.,VLE.TO
ValOre Metals Corp.,VO.V
Valterra Resource Corporation,VQA.V
Value Capital Trust,AIP-U.V
Vanadiumcorp Resource Inc.,VRB.V
Vanstar Mining Resources Inc.,VSR.V
Vatic Ventures Corp.,VCV.V
Vaxil Bio Ltd.,VXL.V
Vecima Networks Inc.,VCM.TO
Vegano Foods Inc.,VAGN.CN
Velan Inc.,VLN.TO
Velocity Minerals Ltd.,VLC.V
Vendetta Mining Corp.,VTT.V
VentriPoint Diagnostics Ltd.,VPT.V
Venzee Technologies Inc.,VENZ.V
Verano Holdings Corp.,VRNO.CN
Verde AgriTech Ltd,NPK.TO
Verisante Technology Inc.,VER-H.V
Verizon Communications Inc,VZ.NE
Vermilion Energy Inc.,VET.TO
VersaBank,VBNK.TO
VERSES AI Inc.,VERS.NE
Vertex Resource Group Ltd.,VTX.V
Vertical Exploration Inc.,VERT.V
Vertical Peak Holdings Inc.,MJMJ.CN
VerticalScope Holdings Inc.,FORA.TO
Veteran Capital Corp.,VCC-P.V
"Vext Science, Inc.",VEXT.CN
Vibe Growth Corporation,VIBE.CN
Vice Health and Wellness Inc.,VICE.CN
Vicinity Motor Corp.,VMC.V
Victoria Gold Corp.,VGCX.TO
Victory Battery Metals Corp.,VR.CN
Victory Square Technologies Inc.,VST.CN
"Viemed Healthcare, Inc.",VMD.TO
Vinergy Capital Inc.,VIN.CN
Vior Inc.,VIO.V
VIP Entertainment Technologies Inc.,VIP.V
VIQ Solutions Inc.,VQS.TO
Visa Inc.,VISA.NE
Viscount Mining Corp.,VML.V
Visible Gold Mines Inc.,VGD.V
Vision Lithium Inc.,VLI.V
Visionary Metals Corp.,VIZ.V
Vista Gold Corp.,VGZ.TO
Vital Battery Metals Inc.,VBAM.CN
Vital Energy Inc.,VUX.V
Vitalhub Corp.,VHI.TO
Vitality Products Inc.,VPI.V
Vitreous Glass Inc.,VCI.V
Viva Gold Corp.,VAU.V
Vizsla Copper Corp.,VCU.V
Vizsla Silver Corp.,VZLA.V
Volatus Aerospace Corp.,VOL.V
Volatus Capital Corp.,VC.CN
Volcanic Gold Mines Inc.,VG.V
Volt Carbon Technologies Inc.,VCT.V
Volt Lithium Corp.,VLT.V
Volta Metals Ltd.,VLTA.CN
Vortex Energy Corp.,VRTX.CN
Vortex Metals Inc.,VMS.V
Vox Royalty Corp.,VOXR.TO
Voxtur Analytics Corp.,VXTR.V
Voyageur Mineral Explorers Corp.,VOY.CN
Voyageur Pharmaceuticals Ltd.,VM.V
VR Resources Ltd.,VRR.V
VSBLTY Groupe Technologies Corp.,VSBY.CN
Vulcan Minerals Inc.,VUL.V
VVC Exploration Corporation,VVC.V
Wajax Corporation,WJX.TO
Walker River Resources Corp.,WRR.V
Wall Financial Corporation,WFC.TO
Wallbridge Mining Company Limited,WM.TO
Walmart Inc.,WMT.NE
Waraba Gold Limited,WBGD.CN
Waroona Energy Inc.,WHE.V
Waseco Resources Inc.,WRI.V
Waskahigan Oil & Gas Corp.,WOGC.CN
"Waste Connections, Inc.",WCN.TO
Water Ways Technologies Inc.,WWT.V
Wealth Minerals Ltd.,WML.V
Wedgemount Resources Corp.,WDGY.CN
Weekapaug Lithium Limited,GRUV.CN
WELL Health Technologies Corp.,WELL.TO
Wellfield Technologies Inc.,WFLD.V
Wesana Health Holdings Inc.,WESA-X.CN
WesCan Energy Corp.,WCE.V
Wescan Goldfields Inc.,WGF.V
Wesdome Gold Mines Ltd.,WDO.TO
West Fraser Timber Co. Ltd.,WFG.TO
West High Yield (W.H.Y.) Resources Ltd.,WHY.V
West Mining Corp.,WEST.CN
West Oak Gold Corp.,WO.CN
West Red Lake Gold Mines Ltd.,WRLG.V
West Vault Mining Inc.,WVM.V
WestBond Enterprises Corporation,WBE.V
Westbridge Renewable Energy Corp.,WEB.V
Western Alaska Minerals Corp.,WAM.V
Western Atlas Resources Inc.,WA.V
Western Copper and Gold Corporation,WRN.TO
Western Energy Services Corp.,WRG.TO
Western Exploration Inc.,WEX.V
Western Forest Products Inc.,WEF.TO
Western Gold Exploration Ltd.,WGLD.V
Western Metallica Resources Corp.,WMS.V
Western Resources Corp.,WRX.TO
Western Star Resources Inc.,WSR.CN
Western Uranium & Vanadium Corp.,WUC.CN
Westhaven Gold Corp.,WHN.V
WestKam Gold Corp.,WKG.V
Westport Fuel Systems Inc.,WPRT.TO
Westshore Terminals Investment Corporation,WTE.TO
Westward Gold Inc.,WG.CN
Whatcom Capital II Corp.,WAT-P.V
Wheaton Precious Metals Corp.,WPM.TO
White Gold Corp.,WGO.V
Whitecap Resources Inc.,WCP.TO
Whitemud Resources Inc.,WMK.V
Whitewater Acquisition Corp.,WWA-P.V
Wi2Wi Corporation,YTY.V
WildBrain Ltd.,WILD.TO
Wildpack Beverage Inc.,CANS.V
Wildsky Resources Inc.,WSK.V
Willow Biosciences Inc.,WLLW.TO
Wilton Resources Inc.,WIL.V
Windfall Geotek Inc.,WIN.V
Winpak Ltd.,WPK.TO
Winshear Gold Corp.,WINS.V
Wishpond Technologies Ltd.,WISH.V
Wolfden Resources Corporation,WLF.V
Wolverine Energy and Infrastructure Inc.,WEII.V
WonderFi Technologies Inc.,WNDR.TO
World Copper Ltd.,WCU.V
World Financial Split Corp.,WFS.TO
WSM Ventures Corp.,WSM-X.CN
WSP Global Inc.,WSP.TO
Xali Gold Corp.,XGC.V
Xanadu Mines Limited,XAM.TO
Xander Resources Inc.,XND.V
XAU Resources Inc.,GIG.V
Xebra Brands Ltd.,XBRA.CN
Ximen Mining Corp.,XIM.V
XORTX Therapeutics Inc.,XRTX.V
Xplore Resources Corp.,XPLR.V
XR Immersive Tech Inc.,VRAR.CN
XTM Inc.,PAID.CN
Xtract One Technologies Inc.,XTRA.TO
Xtra-Gold Resources Corp.,XTG.TO
Xybion Digital Inc.,XYBN.V
YANGAROO Inc.,YOO.V
Yangarra Resources Ltd.,YGR.TO
Yellow Pages Limited,Y.TO
Yerbaé Brands Corp.,YERB-U.V
Ynvisible Interactive Inc.,YNV.V
Yorbeau Resources Inc.,YRB.TO
York Harbour Metals Inc.,YORK.V
Yorkton Equity Group Inc.,YEG.V
Zacapa Resources Ltd.,ZACA.V
Zacatecas Silver Corp.,ZAC.V
ZEB Nickel Corp.,ZBNI.V
Zedcor Inc.,ZDC.V
Zentek Ltd.,ZEN.V
Zephyr Minerals Ltd.,ZFR.V
ZeU Technologies Inc.,ZEU.CN
Zidane Capital Corp.,ZZE-H.V
Zinc8 Energy Solutions Inc.,ZAIR.CN
ZincX Resources Corp.,ZNX.V
Zonetail Inc.,ZONE.V
Zonte Metals Inc.,ZON.V
Zoomd Technologies Ltd.,ZOMD.V
ZoomerMedia Limited,ZUM.V
ZTEST Electronics Inc.,ZTE.CN
ZYUS Life Sciences Corporation,ZYUS.V
